observation_date,CLF16OV
1992-01-01,127261
1992-02-01,127207
1992-03-01,127604
1992-04-01,127841
1992-05-01,128119
1992-06-01,128459
1992-07-01,128563
1992-08-01,128613
1992-09-01,128501
1992-10-01,128026
1992-11-01,128441
1992-12-01,128554
1993-01-01,128400
1993-02-01,128458
1993-03-01,128598
1993-04-01,128584
1993-05-01,129264
1993-06-01,129411
1993-07-01,129397
1993-08-01,129619
1993-09-01,129268
1993-10-01,129573
1993-11-01,129711
1993-12-01,129941
1994-01-01,130596
1994-02-01,130669
1994-03-01,130400
1994-04-01,130621
1994-05-01,130779
1994-06-01,130561
1994-07-01,130652
1994-08-01,131275
1994-09-01,131421
1994-10-01,131744
1994-11-01,131891
1994-12-01,131951
1995-01-01,132038
1995-02-01,132115
1995-03-01,132108
1995-04-01,132590
1995-05-01,131851
1995-06-01,131949
1995-07-01,132343
1995-08-01,132336
1995-09-01,132611
1995-10-01,132716
1995-11-01,132614
1995-12-01,132511
1996-01-01,132616
1996-02-01,132952
1996-03-01,133180
1996-04-01,133409
1996-05-01,133667
1996-06-01,133697
1996-07-01,134284
1996-08-01,134054
1996-09-01,134515
1996-10-01,134921
1996-11-01,135007
1996-12-01,135113
1997-01-01,135456
1997-02-01,135400
1997-03-01,135891
1997-04-01,136016
1997-05-01,136119
1997-06-01,136211
1997-07-01,136477
1997-08-01,136618
1997-09-01,136675
1997-10-01,136633
1997-11-01,136961
1997-12-01,137155
1998-01-01,137095
1998-02-01,137112
1998-03-01,137236
1998-04-01,137150
1998-05-01,137372
1998-06-01,137455
1998-07-01,137588
1998-08-01,137570
1998-09-01,138286
1998-10-01,138279
1998-11-01,138381
1998-12-01,138634
1999-01-01,139003
1999-02-01,138967
1999-03-01,138730
1999-04-01,138959
1999-05-01,139107
1999-06-01,139329
1999-07-01,139439
1999-08-01,139430
1999-09-01,139622
1999-10-01,139771
1999-11-01,140025
1999-12-01,140177
2000-01-01,142267
2000-02-01,142456
2000-03-01,142434
2000-04-01,142751
2000-05-01,142388
2000-06-01,142591
2000-07-01,142278
2000-08-01,142514
2000-09-01,142518
2000-10-01,142622
2000-11-01,142962
2000-12-01,143248
2001-01-01,143800
2001-02-01,143701
2001-03-01,143924
2001-04-01,143569
2001-05-01,143318
2001-06-01,143357
2001-07-01,143654
2001-08-01,143284
2001-09-01,143989
2001-10-01,144086
2001-11-01,144240
2001-12-01,144305
2002-01-01,143883
2002-02-01,144653
2002-03-01,144481
2002-04-01,144725
2002-05-01,144938
2002-06-01,144808
2002-07-01,144803
2002-08-01,145009
2002-09-01,145552
2002-10-01,145314
2002-11-01,145041
2002-12-01,145066
2003-01-01,145937
2003-02-01,146100
2003-03-01,146022
2003-04-01,146474
2003-05-01,146500
2003-06-01,147056
2003-07-01,146485
2003-08-01,146445
2003-09-01,146530
2003-10-01,146716
2003-11-01,147000
2003-12-01,146729
2004-01-01,146842
2004-02-01,146709
2004-03-01,146944
2004-04-01,146850
2004-05-01,147065
2004-06-01,147460
2004-07-01,147692
2004-08-01,147564
2004-09-01,147415
2004-10-01,147793
2004-11-01,148162
2004-12-01,148059
2005-01-01,148029
2005-02-01,148364
2005-03-01,148391
2005-04-01,148926
2005-05-01,149261
2005-06-01,149238
2005-07-01,149432
2005-08-01,149779
2005-09-01,149954
2005-10-01,150001
2005-11-01,150065
2005-12-01,150030
2006-01-01,150214
2006-02-01,150641
2006-03-01,150813
2006-04-01,150881
2006-05-01,151069
2006-06-01,151354
2006-07-01,151377
2006-08-01,151716
2006-09-01,151662
2006-10-01,152041
2006-11-01,152406
2006-12-01,152732
2007-01-01,153144
2007-02-01,152983
2007-03-01,153051
2007-04-01,152435
2007-05-01,152670
2007-06-01,153041
2007-07-01,153054
2007-08-01,152749
2007-09-01,153414
2007-10-01,153183
2007-11-01,153835
2007-12-01,153918
2008-01-01,154063
2008-02-01,153653
2008-03-01,153908
2008-04-01,153769
2008-05-01,154303
2008-06-01,154313
2008-07-01,154469
2008-08-01,154641
2008-09-01,154570
2008-10-01,154876
2008-11-01,154639
2008-12-01,154655
2009-01-01,154210
2009-02-01,154538
2009-03-01,154133
2009-04-01,154509
2009-05-01,154747
2009-06-01,154716
2009-07-01,154502
2009-08-01,154307
2009-09-01,153827
2009-10-01,153784
2009-11-01,153878
2009-12-01,153111
2010-01-01,153484
2010-02-01,153694
2010-03-01,153954
2010-04-01,154622
2010-05-01,154091
2010-06-01,153616
2010-07-01,153691
2010-08-01,154086
2010-09-01,153975
2010-10-01,153635
2010-11-01,154125
2010-12-01,153650
2011-01-01,153263
2011-02-01,153214
2011-03-01,153376
2011-04-01,153543
2011-05-01,153479
2011-06-01,153346
2011-07-01,153288
2011-08-01,153760
2011-09-01,154131
2011-10-01,153961
2011-11-01,154128
2011-12-01,153995
2012-01-01,154381
2012-02-01,154671
2012-03-01,154749
2012-04-01,154545
2012-05-01,154866
2012-06-01,155083
2012-07-01,154948
2012-08-01,154763
2012-09-01,155160
2012-10-01,155554
2012-11-01,155338
2012-12-01,155628
2013-01-01,155763
2013-02-01,155312
2013-03-01,155005
2013-04-01,155394
2013-05-01,155536
2013-06-01,155749
2013-07-01,155599
2013-08-01,155605
2013-09-01,155687
2013-10-01,154673
2013-11-01,155265
2013-12-01,155182
2014-01-01,155352
2014-02-01,155483
2014-03-01,156028
2014-04-01,155369
2014-05-01,155684
2014-06-01,155707
2014-07-01,156007
2014-08-01,156130
2014-09-01,156040
2014-10-01,156417
2014-11-01,156494
2014-12-01,156332
2015-01-01,157030
2015-02-01,156644
2015-03-01,156643
2015-04-01,157060
2015-05-01,157651
2015-06-01,157062
2015-07-01,156997
2015-08-01,157172
2015-09-01,156733
2015-10-01,157167
2015-11-01,157463
2015-12-01,158035
2016-01-01,158280
2016-02-01,158640
2016-03-01,159179
2016-04-01,159141
2016-05-01,158784
2016-06-01,158967
2016-07-01,159194
2016-08-01,159562
2016-09-01,159714
2016-10-01,159605
2016-11-01,159506
2016-12-01,159678
2017-01-01,159620
2017-02-01,159859
2017-03-01,160137
2017-04-01,160345
2017-05-01,160068
2017-06-01,160192
2017-07-01,160462
2017-08-01,160586
2017-09-01,161140
2017-10-01,160309
2017-11-01,160579
2017-12-01,160535
2018-01-01,160914
2018-02-01,161778
2018-03-01,161686
2018-04-01,161771
2018-05-01,161848
2018-06-01,162210
2018-07-01,162341
2018-08-01,161660
2018-09-01,162087
2018-10-01,162602
2018-11-01,162836
2018-12-01,163206
2019-01-01,162963
2019-02-01,162999
2019-03-01,162904
2019-04-01,162586
2019-05-01,162751
2019-06-01,163168
2019-07-01,163590
2019-08-01,163774
2019-09-01,164092
2019-10-01,164416
2019-11-01,164496
2019-12-01,164699
2020-01-01,164377
2020-02-01,164467
2020-03-01,162559
2020-04-01,156269
2020-05-01,158101
2020-06-01,159994
2020-07-01,160132
2020-08-01,160706
2020-09-01,160174
2020-10-01,161003
2020-11-01,160629
2020-12-01,160745
2021-01-01,160088
2021-02-01,160184
2021-03-01,160400
2021-04-01,160843
2021-05-01,160800
2021-06-01,161197
2021-07-01,161504
2021-08-01,161527
2021-09-01,161495
2021-10-01,161754
2021-11-01,162281
2021-12-01,162497
2022-01-01,163627
2022-02-01,163899
2022-03-01,164220
2022-04-01,163893
2022-05-01,164362
2022-06-01,164046
2022-07-01,164026
2022-08-01,164654
2022-09-01,164602
2022-10-01,164648
2022-11-01,164450
2022-12-01,165025
2023-01-01,165964
2023-02-01,166358
2023-03-01,166651
2023-04-01,166725
2023-05-01,166886
2023-06-01,166937
2023-07-01,167103
2023-08-01,167759
2023-09-01,167767
2023-10-01,167690
2023-11-01,168140
2023-12-01,167439
2024-01-01,167339
2024-02-01,167475
2024-03-01,167922
2024-04-01,167988
2024-05-01,167799
2024-06-01,168005
2024-07-01,168315
2024-08-01,168496
2024-09-01,168703
2024-10-01,168428
2024-11-01,168304
2024-12-01,168547
2025-01-01,170744
2025-02-01,170359
2025-03-01,170591
2025-04-01,171135
2025-05-01,170510
2025-06-01,170380
