date,exports_of_gs,imports_of_gs,brent_spot_price,total_business_inventories,civilian_employment,civilian_labor_force,consumer_price_index,federal_funds_rate,real_personal_consumption_expenditures,opec_crude_oil_capacity,opec_crude_oil_production,producer_price_index,real_personal_income,sp500_dividend_yield,sp500_pe_ratio,commercial_and_industrial_loans,consumer_sentiment_index,unemployment_rate,usd_index,us_recession_indicator,vix_index
1993-01-01,52568,56439,17.39,828939,119075,128400,142.8,3.02,-0.1,26.924623,23.452278,118,2.34616,0.0285,0.225,595.3714,89.3,7.3,92.45999908447266,0,12.420000076293944
1993-02-01,52480,56076,18.47,830856,119275,128458,143.1,3.03,0.2,26.924623,23.59289,118.4,2.33451,0.0282,0.2255,593.8304,86.6,7.1,94.0500030517578,0,13.15999984741211
1993-03-01,53035,59813,18.79,837436,119542,128598,143.3,3.07,-0.3,26.924623,22.983303,118.7,1.91948,0.0277,0.2269,591.5023,85.9,7,91.87000274658205,0,12.529999732971191
1993-04-01,53139,59584,18.67,839070,119474,128584,143.8,2.96,0.7,26.924623,22.436384,119.3,2.31936,0.0282,0.2253,585.5716,85.6,7.1,89.48999786376953,0,12.420000076293944
1993-05-01,54229,58598,18.51,839878,120115,129264,144.2,3,0.3,26.924623,22.610105,119.7,1.76689,0.0281,0.2283,587.3543,80.3,7.1,89.08000183105469,0,13.470000267028809
1993-06-01,52346,59275,17.65,841644,120290,129411,144.3,3.04,0.4,26.924623,22.792937,119.5,1.22837,0.0279,0.2318,590.0266,81.5,7,93.62999725341795,0,11.260000228881836
1993-07-01,52818,59200,16.78,841559,120467,129397,144.5,3.06,0.5,27.024741,23.17393,119.2,1.64525,0.02799999999999999,0.2272,587.7717,77,6.9,95.37000274658205,0,11.729999542236328
1993-08-01,53224,58805,16.7,843399,120856,129619,144.8,3.03,0.1,26.924623,23.159616,118.7,1.47888,0.0276,0.2265,588.3345,77.3,6.8,93.9499969482422,0,11.850000381469728
1993-09-01,53648,60679,16.01,846941,120554,129268,145,3.09,0.6,26.924623,23.253687,118.7,1.64465,0.0273,0.225,585.644,77.9,6.7,92.81999969482422,0,12.989999771118164
1993-10-01,55476,62069,16.61,848063,120823,129573,145.6,2.99,0.2,26.924623,23.204298,119.1,1.72292,0.027,0.2219,583.7211,82.7,6.8,95.08000183105467,0,11.460000038146973
1993-11-01,54345,61361,15.2,851485,121169,129711,146,3.02,0.3,26.924623,22.913051,119,1.76405,0.0271,0.2163,584.3732,81.2,6.6,96.20999908447266,0,13.760000228881836
1993-12-01,55552,61271,13.73,855017,121464,129941,146.3,2.96,0.4,26.924623,23.217476,118.6,1.59628,0.027,0.2129,583.696,88.2,6.5,96.839996337890625,0,11.65999984741211
1994-01-01,55159,61365,14.29,855511,121966,130596,146.3,3.05,0.3,27.959177,23.638536558,119.1,2.40108,0.02669999999999999,0.2134,587.3896,94.3,6.6,95.589996337890625,0,10.630000114440918
1994-02-01,53729,62974,13.8,860111,122086,130669,146.7,3.25,0.8,27.959177,23.608013119,119.3,2.02799,0.0269,0.2102,587.7526,93.2,6.6,94.5500030517578,0,14.869999885559082
1994-03-01,58307,64772,13.82,860830,121930,130400,147.1,3.34,0,27.959177,23.670870561,119.7,2.56611,0.0274,0.2042,593.694,91.5,6.5,93.05999755859376,0,20.450000762939453
1994-04-01,56436,64323,15.23,864378,122290,130621,147.2,3.56,0.4,27.959177,23.495349356,119.7,2.74497,0.0285,0.19,600.2198,92.6,6.4,92.12000274658205,0,13.770000457763672
1994-05-01,57342,65070,16.19,875122,122864,130779,147.5,4.01,-0.2,27.959177,23.623756565,119.9,2.97688,0.02839999999999999,0.185,603.9148,92.8,6.1,92.5199966430664,0,13.029999732971191
1994-06-01,58451,66831,16.76,880413,122634,130561,147.9,4.25,0.6,27.959177,23.733190889,120.5,2.96501,0.0282,0.1805,608.3898,91.2,6.1,89.62000274658203,0,14.970000267028809
1994-07-01,58492,67230,17.6,886897,122706,130652,148.4,4.26,-0.1,27.908564,23.579452904,120.7,2.81105,0.0285,0.17420000000000002,616.1389,89,6.1,89.87000274658203,0,11.130000114440918
1994-08-01,60407,68710,16.89,893918,123342,131275,149,4.47,0.7,27.959177,23.333778137,121.2,2.73805,0.0278,0.1744,621.8606,91.7,6,89.66999816894531,0,11.970000267028809
1994-09-01,60715,69026,15.9,899042,123687,131421,149.3,4.73,0.1,27.959177,23.783473015,121,3.42072,0.0277,0.1709,624.7255,91.5,5.9,87.87999725341797,0,14.279999732971191
1994-10-01,59861,69019,16.49,905590,124112,131744,149.4,4.76,0.6,27.959177,23.841094334,120.9,4.78253,0.02799999999999999,0.1632,631.0532,92.7,5.8,85.69000244140625,0,14.5600004196167
1994-11-01,61532,71147,17.19,911254,124516,131891,149.8,5.29,0.1,27.959177,23.84585194,121.5,4.4894,0.02839999999999999,0.1562,637.8239,91.6,5.6,89.12999725341797,0,15.949999809265137
1994-12-01,62825,71281,15.93,918423,124721,131951,150.1,5.45,0.3,27.959177,23.81067933,121.9,1.45575,0.0289,0.14880000000000002,643.6964,95.1,5.5,88.7300033569336,0,13.199999809265137
1995-01-01,63118,72442,16.55,927523,124663,132038,150.5,5.53,0,27.797695,23.54885235,122.9,3.98238,0.0283,0.1489,651.7382,97.6,5.6,87.98999786376953,0,11.960000038146973
1995-02-01,63077,71894,17.11,934668,124928,132115,150.9,5.92,-0.2,27.797695,23.696811883,123.5,4.11417,0.0273,0.15109999999999998,664.3392,95.1,5.4,85.93000030517578,0,11.75
1995-03-01,64349,74057,17.01,942766,124955,132108,151.2,5.98,0.5,27.797695,23.31885235,123.9,4.10022,0.02669999999999999,0.1515,673.258,90.3,5.4,81.9000015258789,0,13.369999885559082
1995-04-01,65074,74682,18.65,951521,124945,132590,151.8,6.05,-0.2,27.797695,23.81885235,124.6,3.26285,0.02609999999999999,0.15310000000000001,676.4132,92.5,5.8,81.80000305175781,0,11.75
1995-05-01,65755,74845,18.35,957122,124421,131851,152.1,6.01,0.7,27.797695,24.32885235,124.9,3.13264,0.0254,0.155,685.6505,89.8,5.6,82.56999969482422,0,12.850000381469728
1995-06-01,64855,75478,17.31,960494,124522,131949,152.4,6,0.8,27.797695,23.65885235,125.3,3.65294,0.0248,0.1567,689.8848,92.7,5.6,81.58000183105469,0,11.380000114440918
1995-07-01,66560,74247,15.85,964875,124816,132343,152.6,5.85,-0.3,27.797695,23.978977328,125.3,3.82176,0.0241,0.1607,697.731,94.4,5.7,81.56999969482422,0,13.489999771118164
1995-08-01,67469,74173,16.1,967283,124852,132336,152.9,5.74,0.5,27.797695,24.230019513,125.1,3.82171,0.0242,0.16010000000000002,703.0768,96.2,5.7,85.56999969482422,0,11.520000457763672
1995-09-01,68943,74867,16.7,971442,125133,132611,153.1,5.8,0.2,27.797695,24.029679435,125.2,3.76679,0.0235,0.16449999999999998,706.498,88.9,5.6,84.29000091552734,0,12.739999771118164
1995-10-01,68105,74219,16.11,975989,125388,132716,153.5,5.76,-0.4,27.797695,24.229679435,125.3,2.99966,0.02339999999999999,0.16760000000000003,704.923,90.2,5.5,83.660003662109375,0,13.829999923706056
1995-11-01,68009,74523,16.86,977882,125188,132614,153.7,5.8,0.8,27.797695,23.899721428,125.4,3.35863,0.023,0.17329999999999998,712.559,88.2,5.6,85.26000213623047,0,11.579999923706056
1995-12-01,69071,75342,17.93,977873,125088,132511,153.9,5.6,0.6,27.797695,24.006098139,125.7,3.05761,0.0224,0.181,714.3877,91,5.6,84.76000213623047,0,12.520000457763672
1996-01-01,68299,76764,17.85,982240,125125,132616,154.7,5.56,-0.5,28.083065,23.955473654,126.3,2.93244,0.0226,0.1808,721.5369,89.3,5.6,87.37999725341797,0,12.529999732971191
1996-02-01,69899,77217,18,982477,125639,132952,155,5.22,0.8,28.083065,24.048859605,126.2,3.55777,0.0216,0.191,723.9375,88.5,5.5,86.29000091552734,0,17.040000915527344
1996-03-01,69797,77553,19.85,981668,125862,133180,155.5,5.31,0.5,28.083065,24.15135352,126.4,3.6571,0.0218,0.1901,726.5857,93.7,5.5,86.5199966430664,0,18.8799991607666
1996-04-01,70126,78870,20.9,983745,125994,133409,156.1,5.22,0.4,28.083065,23.933565606,127.4,3.80851,0.0219,0.1885,731.1026,92.7,5.6,88.0199966430664,0,15.829999923706056
1996-05-01,71029,80288,19.15,984605,126244,133667,156.4,5.24,0.1,28.083065,23.995337508,128.1,4.17671,0.0215,0.191,735.9165,89.4,5.6,87.779998779296875,0,16.06999969482422
1996-06-01,71056,78516,18.46,985451,126602,133697,156.7,5.27,0.1,28.083065,24.144083584,128,4.48383,0.0214,0.1915,740.5836,92.4,5.3,87.81999969482422,0,13.68000030517578
1996-07-01,69404,79536,19.57,989198,126947,134284,157,5.4,0.2,28.083065,24.292924711,128,3.91971,0.0224,0.1826,745.1528,94.7,5.5,85.9000015258789,0,19.459999084472656
1996-08-01,70563,80919,20.51,991497,127172,134054,157.2,5.22,0.3,28.083065,24.289402614,128.3,4.10201,0.0219,0.18600000000000003,747.617,95.3,5.1,86.36000061035156,0,17.010000228881836
1996-09-01,70553,80748,22.63,992465,127536,134515,157.7,5.3,0.1,28.083065,24.359909712,128.2,3.99642,0.0217,0.1875,757.1051,94.7,5.2,87.94000244140625,0,16.950000762939453
1996-10-01,73769,80404,24.16,995369,127890,134921,158.2,5.24,0.3,28.083065,24.507870471,128,3.85966,0.021,0.19,766.0927,96.5,5.2,87.43000030517578,0,18.11000061035156
1996-11-01,74263,81531,22.76,995666,127771,135007,158.7,5.31,0.2,28.083065,24.555155398,128.2,3.85366,0.02009999999999999,0.1945,771.7014,99.2,5.4,87.91999816894531,0,17.139999389648438
1996-12-01,72842,83317,23.78,996068,127860,135113,159.1,5.29,0.4,28.083065,25.064906825,129.1,4.06599,0.02,0.1919,778.055,96.9,5.4,88.18000030517578,0,20.920000076293945
1997-01-01,72910,84179,23.54,998368,128298,135456,159.4,5.25,0.5,29.597585,25.016993773,129.7,4.31128,0.0195,0.1953,781.4528,97.4,5.3,93.04000091552734,0,19.469999313354492
1997-02-01,75225,85001,20.85,1001215,128298,135400,159.7,5.19,0.2,29.597585,25.255169893,128.5,3.77511,0.01879999999999999,0.2009,788.3578,99.7,5.2,94.88999938964844,0,21.100000381469727
1997-03-01,77050,85433,19.13,1002074,128891,135891,159.8,5.39,0.3,29.597585,25.445526122,127.3,3.90062,0.019,0.1969,794.9091,100,5.2,94.720001220703125,0,22.13999938964844
1997-04-01,77769,85855,17.56,1005762,129143,136016,159.9,5.51,0,29.597585,25.69001868,127,3.70429,0.01979999999999999,0.1894,802.8355,101.4,5.1,97.18000030517578,0,20.059999465942383
1997-05-01,77883,86277,19.02,1009674,129464,136119,159.9,5.5,0.1,29.597585,25.425449138,127.4,3.72865,0.0182,0.206,808.8389,103.2,4.9,94.8499984741211,0,19.190000534057617
1997-06-01,78889,86043,17.58,1016262,129412,136211,160.2,5.56,0.5,29.597585,25.017500655,127.2,3.41859,0.0173,0.2161,812.1797,104.5,5,95.66999816894533,0,21.530000686645508
1997-07-01,80099,87132,18.46,1017717,129822,136477,160.4,5.52,0.9,29.597585,25.027102997,126.9,4.09883,0.01639999999999999,0.228,816.8758,107.1,4.9,99.63999938964844,0,21.479999542236328
1997-08-01,78622,87365,18.6,1019904,130010,136618,160.8,5.54,0.6,29.597585,26.147385731,127.2,4.38259,0.0165,0.2283,821.9968,104.4,4.8,99,0,24.760000228881836
1997-09-01,79287,88556,18.46,1025683,130019,136675,161.2,5.54,0,29.597585,26.155870314,127.5,4.40264,0.01639999999999999,0.2306,829.3986,106,4.9,97.11000061035156,0,22.90999984741211
1997-10-01,79383,88472,19.87,1028924,130179,136633,161.5,5.5,0.5,29.597585,26.295002366,127.8,4.93574,0.0162,0.2358,834.2482,105.6,4.7,95.63999938964844,0,35.09000015258789
1997-11-01,78300,88086,19.17,1031740,130653,136961,161.7,5.52,0.4,29.597585,26.06494583,127.9,5.34967,0.01639999999999999,0.2346,839.1344,107.2,4.6,97.79000091552734,0,27.43000030517578
1997-12-01,79038,90327,17.18,1036516,130679,137155,161.8,5.5,0.6,29.597585,25.674240473,126.8,5.58889,0.0161,0.2423,844.5931,102.1,4.7,99.6500015258789,0,24.010000228881836
1998-01-01,79008,89784,15.19,1039703,130726,137095,162,5.56,-0.1,30.927969,26.705951218,125.4,5.92401,0.0161,0.2429,855.0239,106.6,4.6,100.79000091552734,0,21.469999313354492
1998-02-01,77931,89495,14.07,1046174,130807,137112,162,5.51,0.6,30.927969,27.162708204,125,6.33059,0.0152,0.2585,860.7981,110.4,4.6,99.81999969482422,0,18.549999237060547
1998-03-01,78812,91692,13.1,1051280,130814,137236,162,5.49,0.4,30.927969,27.146708204,124.7,6.49434,0.01449999999999999,0.2723,867.0142,106.5,4.7,101.5,0,24.219999313354492
1998-04-01,77626,91566,13.53,1053018,131209,137150,162.2,5.45,0.5,30.927969,27.094270284,124.9,6.82035,0.01419999999999999,0.2826,863.8135,108.7,4.3,99.70999908447266,0,21.18000030517578
1998-05-01,77147,91349,14.36,1053282,131325,137372,162.6,5.49,0.7,30.927969,27.025919947,125.1,6.83184,0.0143,0.28300000000000003,874.1802,106.5,4.4,100.4499969482422,0,21.31999969482422
1998-06-01,76961,90208,12.21,1053235,131244,137455,162.8,5.56,0.7,30.927969,26.510919947,124.8,7.06284,0.0144,0.2844,889.2905,105.6,4.5,101.16999816894533,0,19.709999084472656
1998-07-01,76149,90098,12.08,1054725,131329,137588,163.2,5.54,0.1,30.927969,26.38616296,124.9,6.77509,0.0138,0.299,897.295,105.2,4.5,101.1999969482422,0,24.799999237060547
1998-08-01,75512,91540,11.91,1057965,131390,137570,163.4,5.55,0.5,30.927969,26.095987792,124.2,6.54598,0.015,0.28,903.6031,104.4,4.5,100.1999969482422,0,44.279998779296875
1998-09-01,77179,91999,13.34,1061883,131986,138286,163.5,5.51,0.7,30.927969,26.176187013,123.8,6.58889,0.0158,0.268,911.9811,100.9,4.6,96.16999816894533,0,40.95000076293945
1998-10-01,79351,94166,12.7,1064717,131999,138279,163.9,5.07,0.3,30.927969,26.011187013,124,6.22384,0.0157,0.272,931.1348,97.4,4.5,93.7300033569336,0,28.049999237060547
1998-11-01,79117,94290,11.04,1068824,132280,138381,164.1,4.83,0.3,30.927969,26.27631839,123.6,5.97098,0.0141,0.3025,942.7625,102.7,4.4,96.1999969482422,0,26.010000228881836
1998-12-01,78382,93127,9.82,1067789,132602,138634,164.4,4.68,0.8,30.927969,26.00631839,122.8,5.57254,0.0136,0.3156,938.7768,100.5,4.4,94.16999816894533,0,24.420000076293945
1999-01-01,78473,94349,11.11,1069505,133027,139003,164.7,4.63,-0.1,31.458502,26.139564761,122.9,5.04521,0.013,0.3292,937.909,103.9,4.3,96.08000183105467,0,26.25
1999-02-01,78212,96680,10.27,1074548,132856,138967,164.7,4.76,0.5,31.458502,26.659603225,122.3,4.74691,0.0131,0.3267,934.9373,108.1,4.4,98.68000030517578,0,27.8799991607666
1999-03-01,78701,96421,12.51,1080973,132947,138730,164.8,4.81,0.5,31.458502,26.399775039,122.6,4.21512,0.0128,0.33390000000000003,943.6346,105.7,4.2,100.0999984741211,0,23.260000228881836
1999-04-01,79530,97476,15.29,1083056,132955,138959,165.9,4.74,0.6,31.458502,25.230379631,123.6,3.52117,0.0123,0.34,947.4956,104.6,4.3,101,0,25.06999969482422
1999-05-01,79539,99585,15.23,1087471,133311,139107,166,4.74,0.5,31.458502,25.180465291,124.7,3.27572,0.0123,0.3319,941.6385,106.8,4.2,102.51000213623048,0,25.38999938964844
1999-06-01,79808,102700,15.86,1089647,133378,139329,166,4.76,0.4,31.458502,24.670542727,125.2,3.05048,0.0124,0.3224,949.0982,107.3,4.3,102.8499984741211,0,21.09000015258789
1999-07-01,81122,104221,19.08,1095243,133414,139439,166.7,4.99,0.2,31.458502,25.22053337,125.7,3.11901,0.012,0.32880000000000004,958.0013,106,4.3,99.75,0,24.63999938964844
1999-08-01,82645,105271,20.22,1097204,133591,139430,167.1,5.07,0.5,31.458502,25.450529757,126.9,3.20101,0.0125,0.3089,967.4071,104.5,4.2,99.9499969482422,0,24.450000762939453
1999-09-01,83727,106426,22.54,1102608,133707,139622,167.8,5.22,0.5,31.458502,25.465796145,128,2.79129,0.0126,0.2999,975.7981,107.2,4.2,98.54000091552734,0,25.40999984741211
1999-10-01,83942,107315,22,1108174,133993,139771,168.1,5.2,0.2,31.458502,25.520527891,127.7,3.2129,0.0128,0.2866,976.846,103.2,4.1,99.05999755859376,0,22.200000762939453
1999-11-01,84633,109759,24.58,1119418,134309,140025,168.4,5.42,0.5,31.458502,24.985468012,128.3,3.4294,0.012,0.2974,998.308,107.2,4.1,101.98999786376952,0,24.18000030517578
1999-12-01,86192,112131,25.47,1127309,134523,140177,168.8,5.3,1.2,31.458502,24.11019306,127.8,4.03053,0.01169999999999999,0.2966,1001.6995,105.4,4,101.87000274658205,0,24.63999938964844
2000-01-01,86001,113133,25.51,1132064,136559,142267,169.3,5.45,-0.2,31.236635,25.25253412,128.3,4.55712,0.01169999999999999,0.2904,1000.1867,112,4,105.12999725341795,0,24.950000762939453
2000-02-01,86540,116334,27.78,1137448,136598,142456,170,5.73,0.9,31.236635,25.915515638,129.8,4.55608,0.0121,0.2776,1016.2097,111.3,4.1,105.91999816894533,0,23.3700008392334
2000-03-01,88115,118672,27.49,1140635,136701,142434,171,5.85,0.5,31.236635,25.848782045,130.8,4.72692,0.0116,0.28309999999999996,1024.4832,107.1,4,105.44000244140624,0,24.11000061035156
2000-04-01,89359,117957,22.76,1149333,137270,142751,170.9,6.02,0,31.236635,26.766678023,130.7,5.59442,0.0115,0.285,1033.4793,109.2,3.8,110.13999938964844,0,26.200000762939453
2000-05-01,88958,118123,27.74,1154797,136630,142388,171.2,6.27,0.4,31.236635,27.288590798,131.6,5.73292,0.0118,0.2749,1050.8617,110.7,4,108.73999786376952,0,23.649999618530273
2000-06-01,91635,122040,29.8,1164325,136940,142591,172.2,6.53,0.2,31.236635,26.889379652,133.8,5.65241,0.01139999999999999,0.2816,1062.5178,106.4,4,106.83999633789062,0,19.540000915527344
2000-07-01,91195,122447,28.68,1166841,136531,142278,172.7,6.54,0.1,31.236635,27.158311388,133.7,5.9534,0.0113,0.2805,1068.2308,108.3,4,109.56999969482422,0,20.739999771118164
2000-08-01,93112,123043,30.2,1173925,136662,142514,172.7,6.5,0.5,31.236635,28.118858811,132.9,6.04744,0.0111,0.2797,1071.552,107.3,4.1,112.5999984741211,0,16.84000015258789
2000-09-01,92896,126230,33.14,1174332,136893,142518,173.6,6.52,0.8,31.236635,28.111491861,134.7,6.2041,0.0111,0.2734,1072.7978,106.8,3.9,113.25,0,20.56999969482422
2000-10-01,92177,125555,30.96,1181347,137088,142622,173.9,6.51,-0.1,31.236635,28.400018045,135.4,5.85048,0.01169999999999999,0.265,1078.1786,105.8,3.9,116.6500015258789,0,23.6299991607666
2000-11-01,91919,124642,32.55,1187280,137322,142962,174.2,6.51,0.1,31.236635,28.349596922,135,5.19552,0.0118,0.26899999999999996,1080.7007,107.6,3.9,115.23999786376952,0,29.649999618530273
2000-12-01,91055,124475,25.66,1187650,137614,143248,174.6,6.4,0.5,31.236635,26.920354884,136.2,4.58596,0.01219999999999999,0.2662,1084.0146,98.4,3.9,109.55999755859376,0,26.850000381469727
2001-01-01,90796,125997,25.62,1189079,137778,143800,175.6,5.98,0,31.415851,27.069344286,140,4.28554,0.0121,0.2755,1093.2084,94.7,4.2,110.5199966430664,0,22.020000457763672
2001-02-01,91101,120401,27.5,1182045,137612,143701,176,5.49,0,31.415851,26.676004114,137.4,4.10201,0.0123,0.2781,1093.8498,90.6,4.2,112.01000213623048,0,28.350000381469727
2001-03-01,89251,122063,24.5,1176840,137783,143924,176.1,5.31,-0.1,31.415851,27.363999354,135.9,4.19221,0.0135,0.261,1092.499,91.5,4.3,117.37000274658205,0,28.63999938964844
2001-04-01,87903,118424,25.66,1175468,137299,143569,176.4,4.8,-0.1,31.415851,26.684305097,136.4,3.44718,0.0133,0.2796,1089.434,88.4,4.4,115.8499984741211,1,25.479999542236328
2001-05-01,88476,115572,28.31,1172056,137092,143318,177.3,4.21,0.4,31.415851,26.445713535,136.8,2.83072,0.0124,0.32020000000000004,1084.7833,92,4.3,119.06999969482422,1,22.63999938964844
2001-06-01,85938,115089,27.85,1163409,136873,143357,177.7,3.97,0.1,31.415851,24.955948332,135.5,2.42659,0.0127,0.3367,1073.0486,92.6,4.5,119.43000030517578,1,19.059999465942383
2001-07-01,83202,113104,24.61,1154938,137071,143654,177.4,3.77,0.2,31.415851,26.192265852,133.4,1.88933,0.013,0.3546,1064.2428,92.4,4.6,117.18000030517578,1,21.6200008392334
2001-08-01,83882,111975,25.68,1152830,136241,143284,177.4,3.65,0.6,31.415851,26.706475223,133.4,1.19812,0.0133,0.3785,1057.1026,91.5,4.9,113.41999816894533,1,24.920000076293945
2001-09-01,79509,109726,25.62,1148106,136846,143989,178.1,3.07,-1.3,31.415851,25.896337626,133.3,1.15698,0.0151,0.369,1059.8684,81.8,5,113.4800033569336,1,31.93000030517578
2001-10-01,79062,109650,20.54,1130032,136392,144086,177.6,2.49,2.6,31.415851,25.811023649,130.3,0.67743,0.0146,0.3972,1046.2683,82.7,5.3,114.86000061035156,1,33.560001373291016
2001-11-01,78446,108449,18.8,1116528,136238,144240,177.5,2.09,-0.4,31.415851,25.689735822,129.8,0.65803,0.0139,0.4362,1034.6465,83.9,5.5,116.12999725341795,1,23.84000015258789
2001-12-01,77800,105288,18.71,1109842,136047,144305,177.4,1.82,-0.1,31.415851,24.759003214,128.1,0.59018,0.0137,0.4637,1023.5184,88.8,5.7,116.75,0,23.799999237060547
2002-01-01,79260,108938,19.42,1107925,135701,143883,177.7,1.73,0.2,31.278895,24.174712981,128.5,0.16863,0.0138,0.4617,1011.9152,93,5.7,120.23999786376952,0,21.09000015258789
2002-02-01,79264,111764,20.28,1101887,136438,144653,178,1.74,0.4,31.278895,24.168072029,128.4,-0.0544,0.0143,0.4457,1016.4604,90.7,5.7,119.16000366210938,0,21.59000015258789
2002-03-01,80344,111506,23.7,1099677,136177,144481,178.5,1.73,0,31.278895,24.381697532,129.8,-0.48067,0.0136,0.4671,1012.3607,95.7,5.7,118.62000274658205,0,17.399999618530273
2002-04-01,82072,116037,25.73,1097242,136126,144725,179.3,1.75,0.5,31.278895,23.177450382,130.8,-0.17568,0.01419999999999999,0.4381,1003.683,93,5.9,115.19000244140624,0,21.90999984741211
2002-05-01,82427,116453,25.35,1100573,136539,144938,179.5,1.75,-0.4,31.278895,24.033535335,130.8,0.3396,0.0148,0.4141,991.0521,96.9,5.8,111.80999755859376,0,19.979999542236328
2002-06-01,83563,118296,24.08,1104258,136415,144808,179.6,1.75,0.3,31.278895,23.786994786,130.9,0.69529,0.0158,0.3792,984.8769,92.4,5.8,106.11000061035156,0,25.399999618530273
2002-07-01,83724,117637,25.74,1109776,136413,144803,180,1.73,0.7,31.278895,24.381766988,131.2,0.38855,0.0177,0.3246,976.9958,88.1,5.8,107.41000366210938,0,32.029998779296875
2002-08-01,83689,120075,26.65,1111829,136705,145009,180.5,1.74,0.1,31.278895,24.194373138,131.5,0.52228,0.0174,0.3153,972.503,87.6,5.7,106.9800033569336,0,32.63999938964844
2002-09-01,83487,119575,28.4,1119935,137302,145552,180.8,1.75,-0.5,31.278895,25.026458092,132.3,0.52824,0.0182,0.2889,967.6437,86.1,5.7,106.87000274658205,0,39.689998626708984
2002-10-01,82767,117862,27.54,1120778,137008,145314,181.2,1.75,0.4,31.278895,25.782168548,133.2,0.91933,0.0186,0.2924,963.2599,80.6,5.7,106.63999938964844,0,31.13999938964844
2002-11-01,83919,123435,24.34,1122588,136521,145041,181.5,1.34,0.3,31.278895,25.934739946,133.1,1.09566,0.0176,0.32030000000000003,960.7684,84.2,5.9,106.41000366210938,0,27.5
2002-12-01,81578,125186,28.33,1129900,136426,145066,181.8,1.24,0.7,29.326943,24.131025704,132.9,1.15184,0.0179,0.3259,959.1507,86.7,6,101.8499984741211,0,28.6200008392334
2003-01-01,82513,123668,31.18,1129014,137417,145937,182.6,1.24,0,27.374,24.541459058,135.3,0.68216,0.018,0.3143,951.1245,82.4,5.8,99.910003662109375,0,31.170000076293945
2003-02-01,83094,123176,32.77,1136996,137482,146100,183.6,1.26,-0.3,28.209,25.844054603,137.6,0.31367,0.01929999999999999,0.2846,941.4134,79.9,5.9,99.70999908447266,0,29.6299991607666
2003-03-01,83157,126963,30.61,1139644,137434,146022,183.9,1.25,0.6,27.399329,26.441635585,141.2,0.52511,0.0192,0.2792,937.805,77.6,5.9,99.05999755859376,0,29.149999618530273
2003-04-01,82565,124602,25,1139882,137633,146474,183.2,1.26,0.5,26.383232,25.562421094,136.8,0.81351,0.0182,0.2805,935.7284,86,6,97.19000244140624,0,21.209999084472656
2003-05-01,82630,123675,25.86,1135902,137544,146500,182.9,1.26,0.3,26.939523,25.753821393,136.7,1.27589,0.0173,0.2824,924.7124,92.1,6.1,93.2699966430664,0,19.469999313354492
2003-06-01,85174,124869,27.65,1132731,137790,147056,183.1,1.22,0.5,27.177749,25.039375282,138,1.35734,0.01639999999999999,0.28600000000000003,915.4531,89.7,6.3,94.7300033569336,0,19.520000457763672
2003-07-01,85943,127265,28.35,1129635,137474,146485,183.7,1.01,0.5,27.339878,25.16057649,137.7,1.75323,0.01639999999999999,0.27649999999999997,922.3745,90.9,6.2,96.88999938964844,0,19.489999771118164
2003-08-01,84906,124797,29.89,1124897,137549,146445,184.5,1.03,0.9,27.847362,25.651843021,138,1.91591,0.0166,0.2657,910.1348,89.3,6.1,98.0999984741211,0,18.6299991607666
2003-09-01,86968,128811,27.11,1127476,137609,146530,185.1,1.01,-0.3,28.287975,25.991206312,138.5,2.00611,0.0163,0.2642,902.156,87.7,6.1,92.8499984741211,0,22.719999313354492
2003-10-01,88890,130279,29.61,1132480,137984,146716,184.9,1.01,0.2,28.685975,26.610492464,139.3,2.22308,0.0162,0.2475,888.6925,89.6,6,92.7300033569336,0,16.100000381469727
2003-11-01,91323,131220,28.75,1136127,138424,147000,185,1,0.6,28.745589,26.590289181,138.9,2.58966,0.0163,0.2315,882.4708,93.7,5.8,90.20999908447266,0,16.31999969482422
2003-12-01,91023,135103,29.81,1137790,138411,146729,185.5,0.98,0.1,28.935202,27.199601992,139.5,2.40083,0.0161,0.2217,883.173,92.6,5.7,86.91999816894531,0,18.309999465942383
2004-01-01,90564,135209,31.28,1138587,138472,146842,186.3,1,0.3,29.224,27.442374,141.4,2.48748,0.0155,0.2273,876.4013,103.8,5.7,87.19999694824219,0,16.6299991607666
2004-02-01,94131,138683,30.86,1149599,138542,146709,186.7,1.01,0.2,29.123,27.361374,142.1,2.9868,0.0156,0.2246,874.604,94.4,5.6,87.30999755859375,0,14.550000190734863
2004-03-01,96707,143461,33.63,1157579,138453,146944,187.1,1,0.6,29.316,27.259374,143.1,3.20682,0.016,0.2161,869.8327,95.8,5.8,87.61000061035156,0,16.739999771118164
2004-04-01,96398,143681,33.59,1164479,138680,146850,187.4,1,-0.1,29.421,27.209374,144.8,3.11499,0.0161,0.2123,864.9714,94.2,5.6,90.4800033569336,0,17.190000534057617
2004-05-01,98197,145750,37.57,1174147,138852,147065,188.2,1,0.5,29.017,27.015374,146.8,2.90124,0.0167,0.2014,862.3,90.2,5.6,88.94999694824219,0,15.5
2004-06-01,95773,149941,35.18,1184240,139174,147460,188.9,1.03,-0.5,28.933,28.15751,147.2,2.66985,0.01639999999999999,0.2017,868.3846,95.6,5.6,88.80000305175781,0,14.34000015258789
2004-07-01,96907,148513,38.22,1196968,139556,147692,189.1,1.26,0.9,29.309,28.55351,147.4,2.93988,0.017,0.1951,877.9016,96.7,5.5,89.95999908447266,0,15.31999969482422
2004-08-01,97295,150943,42.74,1207657,139573,147564,189.2,1.43,0.4,29.026,28.348239,148,3.18742,0.0174,0.1903,881.8952,95.9,5.4,88.94000244140625,0,15.289999961853027
2004-09-01,98782,150468,43.2,1206471,139487,147415,189.8,1.61,0.6,29.522,28.844239,147.7,3.16374,0.0171,0.1935,886.6722,94.2,5.4,87.36000061035156,0,13.34000015258789
2004-10-01,100494,155552,49.78,1216168,139732,147793,190.8,1.76,0.2,29.527,28.849239,150,2.82501,0.0172,0.1925,888.6197,91.7,5.5,84.910003662109375,0,16.270000457763672
2004-11-01,100090,159058,43.11,1228121,140231,148162,191.7,1.93,0.2,28.995,28.317239,151.4,1.96422,0.0166,0.2005,897.1765,92.8,5.4,81.81999969482422,0,13.239999771118164
2004-12-01,102781,157699,39.6,1230005,140125,148059,191.7,2.16,0.7,29.192,28.521967,150.2,5.37036,0.0162,0.2048,904.7096,97.1,5.4,80.8499984741211,0,13.289999961853027
2005-01-01,103206,159395,44.51,1242663,140245,148029,191.6,2.28,-0.2,29.823197,28.713197,150.9,2.69332,0.0167,0.1999,919.7283,95.5,5.3,83.5999984741211,0,12.81999969482422
2005-02-01,104010,162104,45.48,1251337,140385,148364,192.4,2.5,0.4,29.916292,28.806292,151.6,2.6307,0.0166,0.2011,930.5632,94.1,5.4,82.51000213623047,0,12.079999923706056
2005-03-01,105097,158231,53.1,1257770,140654,148391,193.1,2.63,0.2,30.050681,28.990681,153.7,2.60189,0.0169,0.1984,943.9391,92.6,5.2,84.05999755859375,0,14.020000457763672
2005-04-01,107268,164580,51.88,1264334,141254,148926,193.7,2.79,0.6,30.007578,29.097578,155,2.61889,0.0176,0.1902,958.6006,87.7,5.2,84.43000030517578,0,15.3100004196167
2005-05-01,107080,163119,48.65,1266451,141609,149261,193.6,3,-0.1,30.066666,28.956666,154.3,2.53265,0.0176,0.1893,966.4773,86.9,5.1,87.76000213623047,0,13.289999961853027
2005-06-01,107033,165185,54.35,1264110,141714,149238,193.7,3.04,0.9,30.187941,29.087941,154.3,2.69779,0.0174,0.19,974.5772,96,5,89.11000061035156,0,12.039999961853027
2005-07-01,107082,165382,57.52,1261244,142026,149432,194.9,3.26,0.7,30.293214,29.293214,156.3,2.48952,0.0173,0.19,988.6786,96.5,5,89.3499984741211,0,11.56999969482422
2005-08-01,108475,167220,63.98,1264858,142434,149779,196.1,3.5,-0.4,30.117775,29.187775,157.6,2.26233,0.0174,0.1872,995.4936,89.1,4.9,87.58000183105469,0,12.600000381469728
2005-09-01,107156,172039,62.91,1271340,142401,149954,198.8,3.62,-0.4,30.362521,29.482521,162.2,1.80988,0.0175,0.1844,999.939,76.9,5,89.5199966430664,0,11.920000076293944
2005-10-01,109813,177078,58.54,1281654,142548,150001,199.1,3.78,0.3,30.155285,29.175285,166.2,2.34937,0.0182,0.1764,1014.0103,74.2,5,90.06999969482422,0,15.31999969482422
2005-11-01,111462,175321,55.24,1289762,142499,150065,198.1,4,0.3,30.069444,29.089444,163.7,3.29548,0.0178,0.1801,1022.233,81.6,5,91.56999969482422,0,12.0600004196167
2005-12-01,113822,178390,56.86,1303339,142752,150030,198.1,4.16,0.4,29.968278,28.988278,163,0.26711,0.0176,0.1807,1035.4792,91.5,4.9,91.16999816894533,0,12.06999969482422
2006-01-01,115831,182797,62.99,1312932,143150,150214,199.3,4.29,0.5,29.7632,28.6732,164.3,4.33761,0.0175,0.1807,1046.8468,91.2,4.7,88.95999908447266,0,12.949999809265137
2006-02-01,116871,179179,60.21,1316834,143457,150641,199.4,4.49,0.2,29.752,28.712,161.8,4.80576,0.0177,0.17800000000000002,1056.4651,86.7,4.8,90.11000061035156,0,12.34000015258789
2006-03-01,118820,181217,62.06,1328303,143741,150813,199.7,4.59,0.2,29.777,28.562,162.2,4.90481,0.0176,0.17800000000000002,1066.955,88.9,4.7,89.7300033569336,0,11.390000343322754
2006-04-01,119611,182214,70.26,1339022,143761,150881,200.7,4.79,0.2,29.78,28.565,164.3,4.60483,0.0177,0.1777,1082.8813,87.4,4.7,86.11000061035156,0,11.59000015258789
2006-05-01,121155,185973,69.78,1352673,144089,151069,201.3,4.94,0.2,29.748,28.343,165.8,4.06426,0.018,0.1746,1102.9145,79.1,4.6,84.720001220703125,0,16.440000534057617
2006-06-01,122726,186525,68.56,1363182,144353,151354,201.8,4.99,0.1,30.091,28.621,166.1,3.92107,0.0187,0.16820000000000002,1118.1558,84.9,4.6,85.220001220703125,0,13.079999923706056
2006-07-01,120430,187339,73.67,1371203,144202,151377,202.9,5.24,0.6,30.026,28.766,166.8,3.68064,0.01879999999999999,0.1661,1128.1497,84.7,4.7,85.30000305175781,0,14.949999809265137
2006-08-01,122780,191057,73.23,1380342,144625,151716,203.8,5.25,-0.3,30.128,28.868,167.9,3.3992,0.0185,0.1667,1150.5871,82,4.7,85.05000305175781,0,12.3100004196167
2006-09-01,124051,189146,61.96,1386013,144815,151662,202.8,5.25,0.6,30.079,28.549,165.4,4.34359,0.0183,0.1677,1150.5053,85.4,4.5,85.970001220703125,0,11.979999542236328
2006-10-01,125533,185071,57.81,1391353,145314,152041,201.9,5.25,0.4,30.111,28.381,162.2,4.29273,0.0179,0.1714,1158.4414,93.6,4.4,85.31999969482422,0,11.100000381469728
2006-11-01,127388,186327,58.76,1395929,145534,152406,202,5.25,0,29.951,27.941,164.6,4.13421,0.0177,0.1724,1170.6398,92.1,4.5,82.91999816894531,0,10.90999984741211
2006-12-01,128795,190677,62.47,1399095,145970,152732,203.1,5.24,0.6,29.946,27.836,165.6,4.38112,0.0176,0.17379999999999998,1182.1441,91.7,4.4,83.720001220703125,0,11.5600004196167
2007-01-01,130648,188662,53.68,1401566,146028,153144,203.437,5.25,0.2,29.605,27.415,164,3.3086,0.0176,0.1736,1191.6502,96.9,4.6,84.61000061035156,0,10.420000076293944
2007-02-01,129481,187960,57.56,1408178,146057,152983,204.226,5.26,0,29.878,27.468,166.8,3.22219,0.0175,0.17489999999999997,1204.8529,91.3,4.5,83.56999969482422,0,15.420000076293944
2007-03-01,133836,196019,62.05,1410230,146320,153051,205.288,5.26,0.1,29.812,27.502,169.3,3.16894,0.0181,0.16920000000000002,1214.7854,88.4,4.4,82.93000030517578,0,14.640000343322754
2007-04-01,133351,193845,67.49,1419110,145586,152435,205.904,5.25,0.1,29.986,27.676,171.4,3.27902,0.0176,0.1748,1224.7817,87.1,4.5,81.44999694824219,0,14.220000267028809
2007-05-01,135835,195407,67.21,1426983,145903,152670,206.755,5.25,0.1,29.800305,27.490305,173.3,3.4115,0.0172,0.17920000000000005,1243.0131,88.3,4.4,82.30000305175781,0,13.050000190734863
2007-06-01,137312,197309,71.05,1433845,146063,153041,207.234,5.25,0,29.627305,27.377305,173.8,3.24349,0.0173,0.1783,1262.151,85.3,4.6,81.91999816894531,0,16.229999542236328
2007-07-01,138545,198792,76.93,1436799,145905,153054,207.603,5.26,0.3,29.828305,27.623305,175.1,3.39944,0.0174,0.1836,1281.4322,90.4,4.7,80.7699966430664,0,23.520000457763672
2007-08-01,141518,198733,70.76,1441040,145682,152749,207.667,5.02,0.4,29.696305,27.596305,172.4,3.49181,0.0184,0.1802,1301.2539,83.4,4.6,80.79000091552734,0,23.3799991607666
2007-09-01,142070,200228,77.17,1450983,146244,153414,208.547,4.94,0.1,30.068,28.178,173.5,3.02417,0.018,0.1905,1346.5968,83.4,4.7,77.720001220703125,0,18
2007-10-01,144525,202191,82.34,1455045,145946,153183,209.19,4.76,0.1,30.056,28.276,174.7,2.3484,0.0177,0.2068,1373.5384,80.9,4.7,76.4800033569336,0,18.530000686645508
2007-11-01,146264,206947,92.41,1464683,146595,153835,210.834,4.49,0.2,29.625,28.07496,179,1.76832,0.01879999999999999,0.2081,1393.0673,76.1,4.7,76.1500015258789,0,22.8700008392334
2007-12-01,147429,205719,90.93,1477562,146273,153918,211.445,4.24,-0.1,30.204,28.68392,178.6,1.60848,0.0187,0.2235,1414.7787,75.5,5,76.69999694824219,0,22.5
2008-01-01,151094,212433,92.18,1489025,146378,154063,212.174,3.94,0,30.134,28.654,181,1.54576,0.0203,0.2146,1439.8104,78.4,5,75.18000030517578,1,26.200000762939453
2008-02-01,153660,217885,94.99,1495906,146156,153653,212.687,2.98,-0.3,30.262,28.732,182.7,1.21059,0.0207,0.2174,1447.864,70.8,4.9,73.70999908447266,1,26.540000915527344
2008-03-01,152900,213100,103.64,1496888,146086,153908,213.448,2.61,0.2,30.467,28.937,187.9,0.951,0.0215,0.2181,1467.4463,69.5,5.1,71.80000305175781,1,25.61000061035156
2008-04-01,157362,221095,109.07,1503268,146132,153769,213.942,2.28,0.2,30.269,28.639,190.9,0.50595,0.0208,0.2388,1489.253,62.6,5,72.51000213623047,1,20.790000915527344
2008-05-01,159082,221392,122.8,1506104,145908,154303,215.208,1.98,0.2,30.322,28.992,196.6,4.71315,0.0204,0.2581,1491.7746,59.8,5.4,72.87999725341797,1,17.829999923706055
2008-06-01,164073,224962,132.32,1515720,145737,154313,217.463,2,-0.2,30.354,29.074,200.5,2.23755,0.0214,0.2611,1495.9835,56.4,5.6,72.45999908447266,1,23.950000762939453
2008-07-01,166232,233221,132.72,1524721,145532,154469,219.016,2.01,-0.5,30.469,29.439,205.5,0.51944,0.0229,0.25370000000000004,1511.2943,61.2,5.8,73.2300033569336,1,22.940000534057617
2008-08-01,163335,225729,113.24,1528086,145203,154641,218.69,2,0,30.445,29.315,199,-0.10675,0.0225,0.2683,1512.9759,63,6.1,77.37999725341797,1,20.649999618530273
2008-09-01,154611,214904,97.23,1517817,145076,154570,218.877,1.81,-0.7,30.415,29.085,196.9,-0.17278,0.0237,0.2648,1521.9899,70.3,6.1,79.44999694824219,1,39.38999938964844
2008-10-01,151854,212733,71.58,1503326,144802,154876,216.995,0.97,-0.2,30.386,29.006,186.4,0.62872,0.0296,0.2722,1582.3923,57.6,6.5,85.62999725341797,1,59.88999938964844
2008-11-01,142973,188105,52.45,1487209,144100,154639,213.153,0.39,-0.3,30.222,28.292,176.8,1.41079,0.0323,0.34990000000000004,1576.9512,55.3,6.8,86.5199966430664,1,55.279998779296875
2008-12-01,132410,176377,39.95,1455315,143369,154655,211.398,0.16,-0.3,30.22,27.69,170.9,0.32744,0.0323,0.5898,1560.7768,60.1,7.3,81.30999755859375,1,40
2009-01-01,125858,165201,43.44,1437468,142152,154210,211.933,0.15,0.5,30.438484,26.748,171.2,-0.72515,0.0324,0.7091,1544.6292,61.2,7.8,86,1,44.84000015258789
2009-02-01,127893,156671,43.32,1416350,141640,154538,212.705,0.22,-0.4,30.46,26.67,169.3,-1.9707,0.0343,0.8445999999999999,1535.129,56.3,8.3,88.01000213623047,1,46.349998474121094
2009-03-01,126478,156670,46.54,1396024,140707,154133,212.495,0.18,-0.4,30.354,26.564,168.1,-2.3237,0.036,1.1037,1513.6782,57.3,8.7,85.43000030517578,1,44.13999938964844
2009-04-01,125323,155796,50.18,1377332,140656,154509,212.709,0.15,-0.1,30.55,26.71,169.1,-1.82586,0.0315,1.1985,1493.7853,65.1,9,84.61000061035156,1,36.5
2009-05-01,127342,153181,57.3,1362233,140248,154747,213.022,0.18,0.1,30.575,26.735,170.8,-4.58394,0.02899999999999999,1.2373,1472.7716,68.7,9.4,80.43000030517578,1,28.920000076293945
2009-06-01,129796,156948,68.61,1344788,140009,154716,214.79,0.21,0,30.706,26.816,174.1,-3.90292,0.0276,1.2332,1442.7178,70.8,9.5,80.12999725341797,1,26.350000381469727
2009-07-01,131878,165185,64.44,1328683,139901,154502,214.726,0.16,0.3,30.93,27.01,172.5,-2.69988,0.02669999999999999,1.0187,1399.971,66,9.5,78.3499984741211,0,25.920000076293945
2009-08-01,132566,164240,72.51,1311895,139492,154307,215.445,0.16,0.9,31.366,27.046,175,-2.26303,0.0242,0.9295,1366.4873,65.7,9.6,78.16999816894531,0,26.010000228881836
2009-09-01,137047,172294,67.65,1305586,138818,153827,215.861,0.15,-0.9,31.881,27.061,174.1,-2.08353,0.0229,0.833,1339.1545,73.5,9.8,76.6500015258789,0,25.61000061035156
2009-10-01,141056,176015,72.77,1313895,138432,153784,216.509,0.12,0.1,31.885,27.065,175.2,-3.04271,0.0219,0.4212,1309.2617,70.6,10,76.30000305175781,0,30.690000534057617
2009-11-01,142075,180456,76.66,1323841,138659,153878,217.234,0.12,-0.2,31.921,27.101,177.4,-3.48875,0.021,0.2851,1293.2686,67.4,9.9,74.87999725341797,0,24.510000228881836
2009-12-01,145480,184906,74.46,1321703,138013,153111,217.347,0.12,0.6,32.003,27.083,178.1,-2.44916,0.0202,0.2178,1268.2775,72.5,9.9,77.86000061035156,0,21.68000030517578
2010-01-01,145718,183462,76.17,1323974,138438,153484,217.488,0.11,-0.2,32.187,26.937104,181.9,-1.10441,0.01979999999999999,0.207,1239.8842,74.4,9.8,79.45999908447266,0,24.6200008392334
2010-02-01,146849,188353,73.75,1332323,138581,153694,217.281,0.13,0.4,32.116,26.916254,181,0.0493,0.0203,0.1891,1225.5728,73.6,9.8,80.36000061035156,0,19.5
2010-03-01,151080,191351,78.83,1338599,138751,153954,217.353,0.16,0.5,31.969,26.85904,183.3,0.66699,0.019,0.1891,1210.3981,73.6,9.9,81.06999969482422,0,17.59000015258789
2010-04-01,150006,191502,84.82,1343584,139297,154622,217.403,0.2,0.2,32.258,26.848148,184.4,1.28847,0.0183,0.1901,1208.2975,72.2,9.9,81.87000274658203,0,22.049999237060547
2010-05-01,153819,195907,75.95,1347852,139241,154091,217.29,0.2,0.2,32.293,26.793327,184.8,0.76359,0.0195,0.173,1197.5875,73.6,9.6,86.589996337890625,0,32.06999969482422
2010-06-01,153326,200642,74.76,1357633,139141,153616,217.199,0.18,0.2,32.429,26.998717,183.5,2.61315,0.0203,0.16149999999999998,1190.5865,76,9.4,86.0199966430664,0,34.540000915527344
2010-07-01,156763,198373,75.58,1369755,139179,153691,217.605,0.18,0.3,32.185,26.854665,184.1,3.2289,0.02049999999999999,0.1572,1189.1435,67.8,9.4,81.54000091552734,0,23.5
2010-08-01,157769,203387,77.04,1381722,139438,154086,217.923,0.19,0.2,32.235,26.915163,184.9,3.80338,0.02049999999999999,0.1547,1187.8318,68.9,9.5,83.19999694824219,0,26.049999237060547
2010-09-01,158624,202958,77.84,1396644,139396,153975,218.275,0.19,0.1,32.315,26.985104,184.9,3.60607,0.0199,0.1561,1185.8744,68.2,9.5,78.720001220703125,0,23.700000762939453
2010-10-01,164234,204880,82.67,1413297,139119,153635,219.035,0.19,0.3,32.301,26.96115,186.6,4.00802,0.0192,0.159,1184.9411,67.7,9.4,77.2699966430664,0,21.200000762939453
2010-11-01,165621,204360,85.28,1424215,139044,154125,219.59,0.19,0.3,32.232,26.941917,187.7,3.88521,0.0189,0.1588,1187.2247,71.6,9.8,81.19999694824219,0,23.540000915527344
2010-12-01,168510,210231,91.45,1440606,139301,153650,220.472,0.18,0.1,32.367,27.127313,189.7,4.08156,0.0183,0.1605,1191.8909,74.5,9.3,79.029998779296875,0,17.75
2011-01-01,169897,218020,96.52,1452299,139250,153263,221.187,0.17,0.1,32.666521,27.927618,192.7,4.98917,0.0179,0.163,1195.5686,74.2,9.1,77.73999786376953,0,19.530000686645508
2011-02-01,168665,213418,103.72,1461934,139394,153214,221.898,0.16,0,32.19208,27.872822,195.8,5.29581,0.0176,0.1652,1198.2442,77.5,9,76.88999938964844,0,18.350000381469727
2011-03-01,176676,220988,114.64,1478764,139639,153376,223.046,0.14,0.3,30.993202,26.673072,199.2,4.66246,0.018,0.1604,1205.9806,67.5,9,75.86000061035156,0,17.739999771118164
2011-04-01,178838,221523,123.26,1492150,139586,153543,224.093,0.1,-0.1,30.88901,26.769462,203.1,3.6189,0.0178,0.16210000000000002,1213.902,69.8,9.1,72.93000030517578,0,14.75
2011-05-01,178856,226581,114.99,1510423,139624,153479,224.806,0.09,-0.1,31.078202,26.958009,204.1,2.70316,0.018,0.1612,1226.6698,74.3,9,74.63999938964844,0,15.449999809265137
2011-06-01,176895,226777,113.83,1516643,139384,153346,224.806,0.09,0.2,30.974843,27.555066,203.9,3.06256,0.0189,0.1535,1234.1219,71.5,9.1,74.30000305175781,0,16.520000457763672
2011-07-01,181502,227573,116.97,1524015,139524,153288,225.395,0.07,0.2,31.012361,27.792145,204.6,3.28264,0.0186,0.1561,1242.6437,63.7,9,73.9000015258789,0,25.25
2011-08-01,182475,227527,110.22,1531385,139942,153760,226.106,0.1,-0.1,30.896042,27.826119,203.2,2.84621,0.021,0.1379,1262.0948,55.8,9,74.12999725341797,0,31.6200008392334
2011-09-01,183858,227334,112.83,1525998,140183,154131,226.597,0.08,0.2,31.113345,27.843043,203.7,2.64656,0.0215,0.135,1269.4128,59.5,9,78.55000305175781,0,42.959999084472656
2011-10-01,182681,228190,109.55,1540169,140368,153961,226.75,0.07,0.2,31.087882,27.568021,201.1,2.60259,0.0212,0.1388,1277.9112,60.8,8.8,76.16999816894531,0,29.959999084472656
2011-11-01,180798,228258,110.77,1547277,140826,154128,227.169,0.08,-0.2,31.442345,28.271941,201.4,2.36175,0.0212,0.141,1292.9236,63.7,8.6,78.38999938964844,0,27.799999237060547
2011-12-01,182411,231885,107.87,1556708,140902,153995,227.223,0.07,0,31.474882,28.305229,199.8,2.65561,0.0213,0.14300000000000002,1303.2292,69.9,8.5,80.16999816894531,0,23.399999618530273
2012-01-01,182425,232551,110.69,1563455,141584,154381,227.842,0.08,0.4,31.333459,28.513228,200.7,1.60097,0.0206,0.1487,1316.3298,75,8.3,79.279998779296875,0,19.440000534057617
2012-02-01,185085,227865,119.33,1576403,141858,154671,228.329,0.1,0.6,31.374564,28.755017,201.6,1.81564,0.02,0.1537,1343.4163,75.3,8.3,78.7300033569336,0,18.43000030517578
2012-03-01,188511,238260,125.45,1582173,142036,154749,228.807,0.13,-0.1,31.656882,29.11775,204.2,2.35484,0.0197,0.15689999999999998,1349.2569,76.2,8.2,78.93000030517578,0,15.5
2012-04-01,187092,233934,119.75,1590724,141899,154545,229.187,0.14,0.1,31.800675,29.261745,203.7,2.90196,0.02,0.157,1367.3702,76.4,8.2,78.79000091552734,0,17.149999618530273
2012-05-01,187375,232481,110.34,1595201,142206,154866,228.713,0.16,0,31.651622,28.912582,201.9,2.99271,0.0209,0.1522,1377.5495,79.3,8.2,83.04000091552734,0,24.059999465942383
2012-06-01,187247,230188,95.16,1600988,142391,155083,228.524,0.16,-0.1,31.509675,29.050649,199.8,2.4873,0.0214,0.1505,1396.8569,73.2,8.2,81.6500015258789,0,17.079999923706055
2012-07-01,186714,229120,102.62,1614258,142292,154948,228.59,0.16,0.2,31.450042,28.980167,200.1,1.39011,0.02109999999999999,0.1555,1411.4317,72.3,8.2,82.63999938964844,0,18.93000030517578
2012-08-01,184999,229029,113.36,1620390,142291,154763,229.918,0.13,0,31.431723,29.062076,202.7,1.2171,0.0208,0.16140000000000002,1424.5892,74.3,8.1,81.25,0,17.469999313354492
2012-09-01,191182,229976,112.86,1633608,143044,155160,231.015,0.14,0.1,31.552,28.952846,204.4,2.11126,0.02049999999999999,0.16690000000000002,1432.8607,78.3,7.8,79.94000244140625,0,15.729999542236328
2012-10-01,186133,227600,111.71,1634146,143431,155554,231.638,0.16,0,31.044042,28.444722,203.5,2.76315,0.021,0.1662,1448.8128,82.6,7.8,79.91999816894531,0,18.600000381469727
2012-11-01,188461,233794,109.06,1640526,143333,155338,231.249,0.16,0.4,31.2,28.380876,201.8,4.27112,0.022,0.1612,1457.2526,82.7,7.7,80.1500015258789,0,15.869999885559082
2012-12-01,192226,228560,109.49,1647563,143330,155628,231.221,0.16,0,31.062882,27.943772,201.5,5.90025,0.022,0.16440000000000002,1471.1426,72.9,7.9,79.7699966430664,0,18.020000457763672
2013-01-01,190283,230418,112.96,1659407,143292,155763,231.679,0.14,0.4,30.927042,27.657336,202.5,0.34916,0.0213,0.1703,1485.4593,73.8,8,79.20999908447266,0,14.279999732971191
2013-02-01,192436,233440,116.05,1661659,143362,155312,232.937,0.15,0,30.860513,27.590843,204.3,-0.35389,0.021,0.1732,1491.0985,77.6,7.7,81.9800033569336,0,15.510000228881836
2013-03-01,189856,224170,108.47,1661279,143316,155005,232.282,0.14,0.1,30.924882,27.654794,204,-0.30368,0.0207,0.17679999999999998,1498.495,78.6,7.5,82.98999786376953,0,12.699999809265137
2013-04-01,190603,229090,102.25,1665519,143635,155394,231.797,0.15,0,31.111345,28.141476,203.5,-0.26873,0.0207,0.1769,1505.9455,76.4,7.6,81.7300033569336,0,13.520000457763672
2013-05-01,189837,231538,102.56,1661753,143882,155536,231.893,0.11,0.3,30.941445,28.071235,204.1,0.22797,0.02009999999999999,0.1825,1510.1247,84.5,7.5,83.37999725341797,0,16.299999237060547
2013-06-01,192921,227347,102.92,1664436,143999,155749,232.445,0.09,0,30.541475,27.971193,204.3,0.27347,0.0206,0.17800000000000002,1521.1168,84.1,7.5,83.16999816894531,0,16.860000610351562
2013-07-01,192125,228481,107.93,1669018,144264,155599,232.9,0.09,0.1,30.537553,28.168399,204.4,0.71309,0.0202,0.1812,1531.1137,85.1,7.3,81.44999694824219,0,13.449999809265137
2013-08-01,192449,229065,111.28,1677357,144326,155605,233.456,0.08,0.2,30.422,28.251751,204.2,1.11281,0.0204,0.1791,1532.5092,82.1,7.2,82.089996337890625,0,17.010000228881836
2013-09-01,192505,232422,111.6,1687435,144418,155687,233.544,0.08,0.3,29.668345,27.39754,203.9,0.77293,0.0204,0.1788,1538.3357,77.5,7.2,80.220001220703125,0,16.600000381469727
2013-10-01,196471,232757,109.08,1697181,143537,154673,233.669,0.09,0.3,29.940723,27.371408,202.5,-0.24012,0.02009999999999999,0.17859999999999998,1549.4591,73.2,7.2,80.19999694824219,0,13.75
2013-11-01,197292,231275,107.79,1707578,144479,155265,234.1,0.08,0.4,29.412345,26.842233,201.2,-1.32729,0.0195,0.1815,1557.4097,75.1,6.9,80.68000030517578,0,13.699999809265137
2013-12-01,196343,229979,110.76,1717040,144778,155182,234.719,0.09,0.1,29.579723,27.009734,202,-3.49904,0.0194,0.1804,1571.8515,82.5,6.7,80.04000091552734,0,13.720000267028809
2014-01-01,195789,233222,108.12,1721820,145150,155352,235.288,0.07,-0.3,30.032723,27.682776,203.8,2.08686,0.0194,0.1815,1585.1693,81.2,6.6,81.2699966430664,0,18.40999984741211
2014-02-01,195059,235178,108.9,1731331,145134,155483,235.547,0.07,0.5,30.148513,27.749197,205.7,2.86215,0.0197,0.1806,1617.4113,81.6,6.7,79.779998779296875,0,14
2014-03-01,199559,242498,107.48,1739321,145648,156028,236.028,0.08,0.6,29.963042,27.312813,207,3.03815,0.0194,0.1848,1632.8005,80,6.7,80.0999984741211,0,13.880000114440918
2014-04-01,199056,242790,107.76,1745942,145667,155369,236.468,0.09,0.2,29.72868,27.078652,208.3,2.92644,0.0196,0.1835,1649.2832,84.1,6.2,79.48999786376953,0,13.40999984741211
2014-05-01,201418,240993,109.54,1754624,145825,155684,236.918,0.09,0.2,29.991,27.441111,208,2.71832,0.0196,0.1846,1663.7092,81.9,6.3,80.37000274658203,0,11.399999618530272
2014-06-01,200514,239410,111.8,1757656,146247,155707,237.231,0.1,0.4,30.090178,27.489615,208.3,3.09928,0.0192,0.1888,1672.3715,82.5,6.1,79.779998779296875,0,11.56999969482422
2014-07-01,200758,239693,106.77,1763491,146399,156007,237.498,0.09,0.2,30.091445,27.690824,208,3.59465,0.0191,0.1896,1694.4762,81.8,6.2,81.45999908447266,0,16.950000762939453
2014-08-01,202226,239161,101.61,1769669,146530,156130,237.46,0.09,0.7,30.338765,27.888643,207,3.938,0.0194,0.1868,1710.0358,82.5,6.1,82.75,0,12.09000015258789
2014-09-01,199556,241228,97.09,1771944,146778,156040,237.477,0.09,0,30.64436,28.133686,206.4,3.87136,0.01929999999999999,0.1881,1724.4623,84.6,5.9,85.94000244140625,0,16.309999465942383
2014-10-01,201376,242443,87.43,1775551,147427,156417,237.43,0.09,0.6,30.729,28.393501,203.4,4.75396,0.02,0.185,1730.1943,86.9,5.7,86.87999725341797,0,14.029999732971191
2014-11-01,198893,238700,79.44,1780924,147404,156494,236.983,0.09,0.3,30.22702,27.876997,200.9,5.08289,0.0191,0.1975,1749.4154,88.8,5.8,88.36000061035156,0,13.329999923706056
2014-12-01,198413,241251,62.34,1779016,147615,156332,236.252,0.12,0.3,30.628882,28.228659,197,5.56604,0.0192,0.2008,1771.6493,93.6,5.6,90.2699966430664,0,19.200000762939453
2015-01-01,194245,233110,47.76,1777773,148145,157030,234.747,0.11,0.2,30.087,27.706678,192,5.95208,0.0197,0.2002,1791.3004,98.1,5.7,94.8000030517578,0,20.969999313354492
2015-02-01,191934,225837,58.1,1783783,148045,156644,235.342,0.11,0.2,29.935,27.655056,191.1,5.7474,0.0194,0.2077,1804.5101,95.4,5.5,95.25,0,13.34000015258789
2015-03-01,192271,241004,55.89,1787168,148128,156643,235.976,0.11,0.3,30.417765,28.538039,191.5,5.00623,0.0196,0.2096,1830.7,93,5.4,98.36000061035156,0,15.289999961853027
2015-04-01,193086,232923,59.52,1793017,148511,157060,236.222,0.12,0.2,30.482,28.621669,190.9,5.0058,0.0196,0.21420000000000003,1846.8492,95.9,5.4,94.5999984741211,0,14.550000190734863
2015-05-01,191918,230420,64.08,1797978,148817,157651,237.001,0.12,0.3,30.492,28.891529,193.4,4.93308,0.0196,0.2192,1862.3657,90.7,5.6,96.910003662109375,0,13.84000015258789
2015-06-01,191512,233937,61.48,1808412,148816,157062,237.657,0.13,0.1,30.693,29.292754,194.8,4.5877,0.0199,0.2212,1876.858,96.1,5.3,95.48999786376952,0,18.229999542236328
2015-07-01,190841,231181,56.56,1809379,148830,156997,238.034,0.13,0.4,30.931,29.470724,193.9,4.47631,0.02009999999999999,0.224,1889.0155,93.1,5.2,97.37000274658205,0,12.119999885559082
2015-08-01,188084,232289,46.52,1812159,149181,157172,238.033,0.14,0.2,30.767723,29.237553,191.9,4.15721,0.0207,0.22149999999999995,1901.1422,91.9,5.1,95.9499969482422,0,28.43000030517578
2015-09-01,189155,230796,47.62,1815441,148826,156733,237.498,0.14,0.1,30.967,29.436643,189.1,4.07325,0.0219,0.2145,1914.9447,87.2,5,96.3499984741211,0,24.5
2015-10-01,187795,228668,48.43,1818071,149246,157167,237.733,0.12,0.1,30.871723,29.241571,187.5,3.79722,0.02109999999999999,0.2268,1929.9274,90,5,96.9499969482422,0,15.06999969482422
2015-11-01,185419,225870,44.27,1814988,149463,157463,238.017,0.12,0.2,30.99601,29.316449,185.7,3.19198,0.0207,0.2367,1943.7507,91.3,5.1,100.16999816894533,0,16.1299991607666
2015-12-01,184517,225521,38.01,1811571,150128,158035,237.761,0.24,0.3,30.933882,29.30408,183.5,2.92367,0.02109999999999999,0.23739999999999997,1952.7854,92.6,5,98.62999725341795,0,18.209999084472656
2016-01-01,180952,220996,30.7,1810707,150653,158280,237.652,0.34,0.2,31.26,29.709542,182.6,2.16114,0.0227,0.2218,1960.0876,92,4.8,99.61000061035156,0,20.200000762939453
2016-02-01,183033,226339,32.18,1806025,150939,158640,237.336,0.38,0.7,31.031,29.29053,181.3,1.84598,0.023,0.2202,1982.7937,91.7,4.9,98.20999908447266,0,20.549999237060547
2016-03-01,182053,218854,38.21,1812317,151218,159179,238.08,0.36,-0.4,31.099723,29.379545,182.1,2.02662,0.0217,0.2339,2016.5963,91,5,94.589996337890625,0,13.949999809265137
2016-04-01,184167,222214,41.58,1817906,151074,159141,238.992,0.37,0.3,31.351345,29.491058,183.2,1.56667,0.0212,0.2397,2032.0994,89,5.1,93.08000183105467,0,15.699999809265137
2016-05-01,185124,224156,46.74,1823582,151132,158784,239.557,0.37,0.2,31.030723,29.491351,185.3,1.3063,0.0214,0.2381,2046.7788,94.7,4.8,95.88999938964844,0,14.1899995803833
2016-06-01,186833,228552,48.25,1823476,151223,158967,240.222,0.38,0.4,31.25968,29.920463,187.6,1.37064,0.0213,0.2397,2050.6599,93.5,4.9,96.13999938964844,0,15.630000114440918
2016-07-01,188196,228127,44.95,1825078,151554,159194,240.101,0.39,0.2,31.169,29.998995,187.7,1.63524,0.0208,0.2452,2058.8405,90,4.8,95.529998779296875,0,11.869999885559082
2016-08-01,190173,230319,45.84,1825382,151779,159562,240.545,0.4,0.1,31.059,29.868743,186.6,1.54642,0.0207,0.2457,2051.3685,89.8,4.9,96.0199966430664,0,13.420000076293944
2016-09-01,190714,227718,46.57,1827914,151761,159714,241.176,0.4,0.3,31.216,29.98552,186.9,1.51484,0.0209,0.2422,2069.7231,91.2,5,95.45999908447266,0,13.289999961853027
2016-10-01,189343,227898,49.52,1829791,151793,159605,241.741,0.4,0,31.639,30.399327,186.7,1.44439,0.02109999999999999,0.2357,2085.3108,87.2,4.9,98.4499969482422,0,17.059999465942383
2016-11-01,187653,231550,44.73,1841461,151954,159506,242.026,0.41,0.2,31.891345,30.711315,186.3,1.73036,0.021,0.2335,2089.3098,93.8,4.7,101.5,0,13.329999923706056
2016-12-01,192584,233560,53.31,1845368,152157,159678,242.637,0.54,0.7,31.88,30.599708,188.2,1.59738,0.0203,0.2376,2084.478,98.2,4.7,102.38999938964844,0,14.039999961853027
2017-01-01,195435,238992,54.58,1849352,152152,159620,243.618,0.65,0.1,31.89,29.67,190.7,1.76828,0.0202,0.2359,2081.1791,98.5,4.7,99.51000213623048,0,11.989999771118164
2017-02-01,196492,236277,54.87,1852213,152480,159859,244.006,0.66,0.1,31.922,29.522,191.6,2.01217,0.01979999999999999,0.2368,2083.022,96.3,4.6,101.12000274658205,0,12.920000076293944
2017-03-01,196213,237337,51.59,1855778,153065,160137,243.892,0.79,0.4,31.7,29.205,191.5,2.39252,0.0196,0.236,2067.6984,96.9,4.4,100.3499984741211,0,12.369999885559082
2017-04-01,196038,240265,52.31,1854063,153255,160345,244.193,0.9,0,31.686,29.216,193,2.73445,0.01979999999999999,0.2324,2066.0683,97,4.4,99.0500030517578,0,10.81999969482422
2017-05-01,195533,239517,50.33,1858714,153069,160068,244.004,0.91,0.1,32.089,29.759,192.8,3.43435,0.0196,0.23309999999999995,2072.2786,97.1,4.4,96.91999816894533,0,10.40999984741211
2017-06-01,197990,240568,46.37,1866682,153318,160192,244.163,1.04,0.3,32.245,30.16,193.6,3.43076,0.0194,0.234,2072.8852,95,4.3,95.660003662109375,0,11.18000030517578
2017-07-01,197260,241114,48.48,1873901,153569,160462,244.243,1.15,0.3,32.535,30.4,193.5,3.33812,0.0194,0.2336,2074.8309,93.4,4.3,92.86000061035156,0,10.260000228881836
2017-08-01,198957,240348,51.7,1884335,153503,160586,245.183,1.16,0,32.417,30.247,193.8,3.41145,0.0195,0.2316,2083.6033,96.8,4.4,92.66999816894533,0,10.59000015258789
2017-09-01,201125,242718,56.15,1887547,154286,161140,246.435,1.15,0.5,32.475,30.415,194.8,3.44943,0.01929999999999999,0.2328,2100.9477,95.1,4.3,93.08000183105467,0,9.510000228881836
2017-10-01,202855,245703,57.51,1888805,153609,160309,246.626,1.15,0.1,32.435,30.195,194.9,3.68164,0.0189,0.2367,2114.2055,100.7,4.2,94.5500030517578,0,10.18000030517578
2017-11-01,206890,252353,62.71,1897677,153805,160579,247.284,1.16,0.5,32.311,30.051,195.9,3.66574,0.01879999999999999,0.2381,2106.8611,98.5,4.2,93.01000213623048,0,11.279999732971191
2017-12-01,209690,256224,64.37,1904773,153904,160535,247.805,1.3,0.8,32.137,29.857,196.3,3.5815,0.0184,0.2425,2104.1139,95.9,4.1,92.12000274658205,0,11.039999961853027
2018-01-01,207358,254351,69.08,1914289,154425,160914,248.859,1.41,-0.1,31.886,30.146,197.9,3.38992,0.0177,0.2497,2109.9821,95.7,4,89.12999725341797,0,13.539999961853027
2018-02-01,210539,259253,65.32,1924252,155197,161778,249.529,1.42,0,31.786,29.986,199.3,3.23978,0.0184,0.2382,2112.0245,99.7,4.1,90.61000061035156,0,19.850000381469727
2018-03-01,213280,256794,66.02,1924441,155214,161686,249.577,1.51,0.3,31.769,29.839,199.3,3.13607,0.0185,0.2341,2119.56,101.4,4,89.970001220703125,0,19.969999313354492
2018-04-01,212156,258462,72.11,1930031,155312,161771,250.227,1.69,0.1,31.718,29.778,200.3,3.06619,0.019,0.2253,2165.0613,98.8,4,91.839996337890625,0,15.93000030517578
2018-05-01,215578,257214,76.98,1933317,155652,161848,250.792,1.7,0.3,31.548,29.658,203.2,2.68784,0.01879999999999999,0.2249,2173.3066,98,3.8,93.98999786376952,0,15.43000030517578
2018-06-01,213466,258395,74.41,1936068,155762,162210,251.018,1.82,0.1,31.245,29.689,204.2,2.99055,0.0185,0.2249,2190.3287,98.2,4,94.62999725341795,0,16.09000015258789
2018-07-01,211540,261101,74.25,1948424,156146,162341,251.214,1.91,0.2,31.102,29.736,204.3,3.11868,0.0184,0.22329999999999997,2203.3246,97.9,3.8,94.48999786376952,0,12.829999923706056
2018-08-01,211420,260721,72.53,1959101,155504,161660,251.663,1.91,0.2,31.315,29.97,203.4,3.30644,0.0182,0.2237,2207.8995,96.2,3.8,95.13999938964844,0,12.859999656677246
2018-09-01,213852,264097,78.89,1970647,156015,162087,252.182,1.95,-0.2,31.356,30.086,203.6,2.9863,0.018,0.2225,2223.2831,100.1,3.7,95.19000244140624,0,12.119999885559082
2018-10-01,214288,266448,81.03,1981377,156391,162602,252.772,2.19,0.3,31.346,30.291,204.6,2.72838,0.019,0.2125,2249.4832,98.6,3.8,97.12999725341795,0,21.229999542236328
2018-11-01,211755,260898,64.75,1981063,156721,162836,252.594,2.2,0.5,30.666,30.006,202.3,2.70133,0.0196,0.2067,2273.025,97.5,3.8,97.2699966430664,0,18.06999969482422
2018-12-01,209350,264347,57.36,1995882,156817,163206,252.767,2.27,-0.9,30.376,29.246,201,3.66089,0.0209,0.1939,2298.6393,98.3,3.9,96.16999816894533,0,25.420000076293945
2019-01-01,211144,259929,59.41,2010864,156487,162963,252.561,2.4,0.3,30.556,28.536,199.1,3.9766,0.0208,0.196,2325.3247,91.2,4,95.58000183105467,0,16.56999969482422
2019-02-01,213288,260858,63.96,2017586,156863,162999,253.319,2.4,0,30.621,28.631,199.2,4.05812,0.01979999999999999,0.206,2331.8546,93.8,3.8,96.160003662109375,0,14.779999732971191
2019-03-01,214650,262803,66.14,2019035,156701,162904,254.277,2.41,0.7,30.665,28.135,200.8,3.96796,0.0196,0.2086,2337.5836,98.4,3.8,97.279998779296875,0,13.710000038146973
2019-04-01,211246,261015,71.23,2028974,156625,162586,255.233,2.42,0,30.725,28.225,202.1,3.78803,0.019,0.21560000000000001,2329.2497,97.2,3.7,97.4800033569336,0,13.119999885559082
2019-05-01,215480,266527,71.32,2033075,156821,162751,255.296,2.39,0.4,30.385,27.885,201.7,3.55312,0.0195,0.2115,2334.652,100,3.6,97.75,0,18.709999084472656
2019-06-01,212818,261522,64.22,2034943,157232,163168,255.213,2.38,0.3,30.405,28.015,200.3,3.30623,0.0194,0.2137,2336.5612,98.2,3.6,96.12999725341795,0,15.079999923706056
2019-07-01,212797,261233,63.92,2041461,157529,163590,255.802,2.4,0.5,30.325,27.615,200.7,2.79746,0.01879999999999999,0.2228,2345.7657,98.4,3.7,98.5199966430664,0,16.1200008392334
2019-08-01,212599,261276,59.04,2041891,157829,163774,256.036,2.13,0.4,30.325,27.815,199.2,2.87862,0.0196,0.2167,2363.4111,89.8,3.6,98.91999816894533,0,18.979999542236328
2019-09-01,211602,256002,62.83,2040635,158339,164092,256.43,2.04,0.2,27.915,26.305,198.4,3.10609,0.0192,0.2244,2370.3368,93.2,3.5,99.37999725341795,0,16.239999771118164
2019-10-01,212281,253586,59.71,2041358,158545,164416,257.155,1.83,0,29.495,27.785,198.6,3.15819,0.01929999999999999,0.2204,2370.2425,95.5,3.6,97.3499984741211,0,13.220000267028809
2019-11-01,212786,251572,63.21,2041379,158629,164496,257.879,1.55,0.5,29.664586,27.7045,199,3.28251,0.0186,0.2262,2369.7685,96.8,3.6,98.2699966430664,0,12.619999885559082
2019-12-01,213402,257041,67.31,2040343,158845,164699,258.63,1.55,0.2,30.025,27.475,199,1.63955,0.0183,0.2278,2360.2904,99.3,3.6,96.38999938964844,0,13.779999732971191
2020-01-01,208878,252440,63.65,2033887,158508,164377,259.127,1.55,0.5,30.14,27.32,199.3,2.2016,0.0179,0.2488,2352.7008,99.8,3.6,97.38999938964844,0,18.84000015258789
2020-02-01,209544,249475,55.66,2022505,158714,164467,259.25,1.58,-0.3,29.47,26.65,196.7,2.41094,0.018,0.2642,2351.2884,101,3.5,98.12999725341795,0,40.11000061035156
2020-03-01,190055,232429,32.01,2015653,155353,162559,258.076,0.65,-6.6,29.505,26.79,193.1,0.82589,0.0225,0.228,2488.8376,89.1,4.4,99.0500030517578,1,53.540000915527344
2020-04-01,151929,203817,18.38,1987105,133185,156269,256.032,0.05,-10.9,29.7,28.855,185.5,13.08218,0.0216,0.2497,2897.3917,71.8,14.8,99.0199966430664,1,34.150001525878906
2020-05-01,147143,201138,29.38,1940682,137173,158101,255.802,0.05,8.3,29.587917,23.03,188.6,8.25369,0.0204,0.2782,3045.8373,72.3,13.2,98.339996337890625,0,27.510000228881836
2020-06-01,160760,209921,40.27,1917180,142342,159994,257.042,0.08,5.4,29.35,21.13,191.2,8.04776,0.0192,0.3129,2942.8562,78.1,11,97.38999938964844,0,30.43000030517578
2020-07-01,172697,231578,43.24,1921722,143779,160132,258.352,0.09,1.5,29.215,21.825,193,9.11824,0.0185,0.32439999999999997,2860.5496,72.5,10.2,93.48999786376952,0,24.459999084472656
2020-08-01,176731,238574,44.74,1932615,147245,160706,259.316,0.1,0.8,29.14,22.76,194.3,5.10376,0.0174,0.34409999999999996,2820.8182,74.1,8.4,92.13999938964844,0,26.40999984741211
2020-09-01,182527,239529,40.91,1945659,147620,160174,259.997,0.09,1.2,29.1,22.735,195.5,5.58477,0.0175,0.3427,2764.3842,80.4,7.8,93.88999938964844,0,26.3700008392334
2020-10-01,185902,247028,40.19,1965316,149931,161003,260.319,0.09,0.3,29.37,23.19,196.5,5.31287,0.0172,0.353,2702.3938,81.8,6.9,94.04000091552734,0,38.02000045776367
2020-11-01,190228,254577,42.69,1979283,149934,160629,260.911,0.09,-0.3,29.96,23.92,198.3,4.08622,0.0165,0.3716,2643.4445,76.9,6.7,91.87000274658205,0,20.56999969482422
2020-12-01,196454,258382,49.99,1992588,149975,160745,262.045,0.09,0.4,29.99,24.155,200.5,4.77339,0.0158,0.3926,2594.869,80.7,6.7,89.94000244140625,0,22.75
2021-01-01,199093,261919,54.77,2010292,149852,160088,262.639,0.09,1.3,29.73,24.205,204.8,14.23459,0.0153,0.35960000000000003,2560.7282,79,6.4,90.58000183105467,0,33.09000015258789
2021-02-01,195739,261369,62.28,2026338,150189,160184,263.573,0.08,-0.9,30.22,23.785,210.6,5.50661,0.0149,0.33240000000000003,2582.9609,76.8,6.2,90.93000030517578,0,27.950000762939453
2021-03-01,208951,274608,65.41,2030053,150644,160400,264.847,0.07,4.3,30.32,23.895,215,28.53911,0.0147,0.305,2587.6186,84.9,6.1,93.2300033569336,0,19.399999618530273
2021-04-01,209117,274233,64.81,2033473,151081,160843,266.625,0.07,0.8,30.31,23.885,217.9,-0.62773,0.0139,0.2992,2556.5844,88.3,6.1,91.279998779296875,0,18.61000061035156
2021-05-01,211641,277420,68.53,2050150,151535,160800,268.404,0.06,-0.2,30.395,24.392,224.9,1.28918,0.0139,0.2805,2549.9197,82.9,5.8,89.839996337890625,0,16.760000228881836
2021-06-01,214009,285196,73.16,2067735,151734,161197,270.71,0.08,0.8,30.44,24.955,228.9,0.96082,0.0137,0.267,2484.6854,85.5,5.9,92.44000244140624,0,15.829999923706056
2021-07-01,216286,285455,75.17,2094809,152773,161504,271.965,0.1,-0.2,30.38,25.61,231.85,0.62188,0.0134,0.2656,2451.1122,81.2,5.4,92.16999816894533,0,18.239999771118164
2021-08-01,217728,290317,70.75,2114579,153250,161527,272.752,0.09,0.7,30.14,25.635,233.415,3.85527,0.0132,0.2623,2430.9828,70.3,5.1,92.62999725341795,0,16.479999542236328
2021-09-01,214183,288840,74.49,2139149,153843,161495,273.942,0.08,0.1,30.24,25.965,235.678,2.2709,0.0133,0.2535,2417.9177,72.8,4.7,94.25,0,23.13999938964844
2021-10-01,228772,294775,83.54,2172723,154475,161754,276.528,0.08,0.6,30.255,26.285,240.465,2.46299,0.0134,0.2439,2418.4797,71.7,4.5,94.12000274658205,0,16.260000228881836
2021-11-01,231756,311181,81.05,2209108,155530,162281,278.824,0.08,0.2,30.26,26.635,243.287,3.15045,0.0129,0.2452,2432.7196,67.4,4.2,95.98999786376952,0,27.190000534057617
2021-12-01,236793,316030,74.17,2265965,156099,162497,280.806,0.08,-0.4,30.27,26.7,241.338,2.64161,0.0129,0.2363,2467.3479,70.6,3.9,95.66999816894533,0,17.219999313354492
2022-01-01,232637,316236,86.51,2306732,157115,163627,282.542,0.08,0.1,30.07,26.75,246.453,-7.29188,0.0133,0.2311,2487.3223,67.2,4,96.54000091552734,0,24.829999923706055
2022-02-01,237005,321690,97.13,2349427,157598,163899,284.525,0.08,0.1,30.3,27.6,252.66,0.02996,0.0139,0.2242,2492.6525,62.8,3.8,96.70999908447266,0,30.149999618530273
2022-03-01,248299,347697,117.25,2405153,158206,164220,287.467,0.2,0.5,30.13,27.215,260.014,-17.10324,0.0141,0.2219,2536.2845,59.4,3.7,98.30999755859376,0,20.559999465942383
2022-04-01,256715,339592,104.58,2435750,157891,163893,288.582,0.33,0.5,30,27.62,265.31,-4.29596,0.0143,0.224,2562.9525,65.2,3.7,102.95999908447266,0,33.400001525878906
2022-05-01,259050,341207,113.34,2478363,158378,164362,291.299,0.77,-0.1,29.62,27.2046,273.251,-2.17897,0.0157,0.2081,2602.6901,58.4,3.6,101.75,0,26.190000534057617
2022-06-01,262615,342400,122.71,2514765,158094,164046,295.072,1.21,0.1,29.55,27.4,280.251,-2.30333,0.01639999999999999,0.2028,2661.2501,50,3.6,104.69000244140624,0,28.709999084472656
2022-07-01,265032,333428,111.93,2532783,158258,164026,294.94,1.68,0.1,29.36,27.54,272.274,-1.98234,0.0165,0.2053,2696.8728,51.5,3.5,105.9000015258789,0,21.329999923706055
2022-08-01,265216,332175,100.45,2552630,158735,164654,295.162,2.33,0.5,29.89,28.52,269.546,-1.5042,0.0156,0.2203,2722.8704,58.2,3.6,108.6999969482422,0,25.8700008392334
2022-09-01,262473,330254,89.76,2558913,158810,164602,296.421,2.56,0.1,29.97,28.7,267.898,-0.39139,0.017,0.2058,2746.3625,58.6,3.5,112.12000274658205,0,31.6200008392334
2022-10-01,259671,334444,93.33,2571649,158684,164648,297.979,3.08,0.2,30.125,28.365,265.061,-0.32088,0.0177,0.20440000000000005,2769.6731,59.9,3.6,111.52999877929688,0,25.8799991607666
2022-11-01,256225,319022,91.42,2580941,158507,164450,298.708,3.78,-0.3,30.05,27.99,263.157,-0.11551,0.0169,0.2207,2787.864,56.7,3.6,105.9499969482422,0,20.579999923706055
2022-12-01,253508,324029,80.92,2593136,159259,165025,298.808,4.1,-0.1,30.15,28,257.897,0.46587,0.0171,0.2265,2797.4807,59.8,3.5,103.5199966430664,0,21.670000076293945
2023-01-01,259974,328774,82.5,2591740,160217,165964,300.456,4.33,1.3,30.325,27.395,260.227,1.22021,0.017,0.2282,2810.1137,64.9,3.5,102.0999984741211,0,19.399999618530273
2023-02-01,254337,323539,82.59,2588252,160395,166358,301.476,4.57,-0.1,30.43,27.68,258.669,1.4861,0.0166,0.234,2808.4627,66.9,3.6,104.87000274658205,0,20.700000762939453
2023-03-01,259541,318127,78.43,2585438,160812,166651,301.643,4.65,0,30.5576,27.915,257.062,2.36649,0.0172,0.2266,2800.3241,62,3.5,102.51000213623048,0,18.700000762939453
2023-04-01,253608,324718,84.64,2585390,160974,166725,302.858,4.83,0.3,30.045,27.82,256.908,2.46279,0.0166,0.2327,2772.1606,63.7,3.4,101.66999816894533,0,15.779999732971191
2023-05-01,252569,318383,75.47,2580863,160796,166886,303.316,5.06,0,30.336,27.315,253.67,3.00321,0.0165,0.2315,2766.5767,59,3.6,104.31999969482422,0,17.940000534057617
2023-06-01,251879,317042,74.84,2577918,160979,166937,304.099,5.08,0.3,30.337,27.405,253.86,3.61597,0.0158,0.2401,2756.4216,64.2,3.6,102.91000366210938,0,13.59000015258789
2023-07-01,255576,319335,80.11,2573912,161183,167103,304.615,5.12,0.5,30.36,26.55,253.835,2.86969,0.0153,0.2476,2754.4779,71.5,3.5,101.86000061035156,0,13.630000114440918
2023-08-01,259963,319128,86.15,2580885,161475,167759,306.138,5.33,0.1,30.617,26.245,257.68,2.65237,0.0156,0.2416,2757.3638,69.4,3.7,103.62000274658205,0,13.56999969482422
2023-09-01,263533,323098,93.72,2587291,161442,167767,307.374,5.33,0.1,30.775,26.905,258.934,2.45231,0.0157,0.2393,2759.1805,67.8,3.8,106.16999816894533,0,17.520000457763672
2023-10-01,262463,326563,90.6,2583446,161211,167690,307.653,5.33,0.3,30.844,26.855,255.192,2.56827,0.01639999999999999,0.2278,2772.8426,63.8,3.9,106.66000366210938,0,18.13999938964844
2023-11-01,257254,322307,82.94,2577995,161886,168140,308.087,5.33,0.4,30.989,26.95,252.856,3.01983,0.0157,0.2351,2763.5225,61.3,3.7,103.5,0,12.920000076293944
2023-12-01,261838,325726,77.63,2591108,161124,167439,308.735,5.33,0.4,31.138,26.94,249.866,3.04883,0.015,0.2435,2761.746,69.7,3.8,101.33000183105467,0,12.449999809265137
2024-01-01,261796,328873,80.12,2585336,161190,167339,309.794,5.33,-0.4,31.057,26.81,251.306,3.30149,0.0147,0.2501,2759.1782,79,3.7,103.2699966430664,0,14.350000381469728
2024-02-01,269323,335754,83.48,2594839,161013,167475,311.022,5.33,0.4,31.185,27.095,254.926,3.104,0.0141,0.2614,2767.0818,76.9,3.9,104.16000366210938,0,13.399999618530272
2024-03-01,265638,331904,85.41,2590962,161425,167922,312.107,5.33,0.3,31.331,27.395,255.095,2.79618,0.0137,0.2702,2752.1564,79.4,3.9,104.5500030517578,0,13.010000228881836
2024-04-01,266393,339503,89.94,2599646,161495,167988,313.016,5.33,0.2,31.284,27.34,256.978,2.79126,0.01399999999999999,0.2641,2747.6311,77.2,3.9,106.22000122070312,0,15.649999618530272
2024-05-01,264976,339432,81.75,2611183,161164,167799,313.14,5.33,0.5,31.364,27.23,255.313,2.96611,0.0137,0.2693,2759.4318,69.1,4,104.66999816894533,0,12.920000076293944
2024-06-01,268356,342248,82.25,2618815,161155,168005,313.131,5.33,0.3,31.343,26.82,255.914,3.095,0.0133,0.2764,2764.8969,68.2,4.1,105.87000274658205,0,12.4399995803833
2024-07-01,271115,349754,85.15,2628273,161219,168315,313.566,5.33,0.4,31.424,27.25,257.321,2.89661,0.0131,0.2808,2762.048,66.4,4.2,104.0999984741211,0,16.360000610351562
2024-08-01,275719,346933,80.36,2634861,161425,168496,314.131,5.33,0.1,31.294,27.18,255.463,2.88943,0.0133,0.2767,2766.3732,67.9,4.2,101.6999969482422,0,15
2024-09-01,273687,355185,74.02,2636447,161802,168703,314.851,5.13,0.5,30.912,26.56,252.682,2.99278,0.013,0.2809,2776.7237,70.3,4.1,100.77999877929688,0,16.729999542236328
2024-10-01,269501,343751,75.63,2640024,161456,168428,315.564,4.83,0.1,31.344,27.08,253.081,2.91382,0.0128,0.2845,2784.7975,70.5,4.1,103.9800033569336,0,23.15999984741211
2024-11-01,275828,355580,74.35,2646273,161183,168304,316.449,4.64,0.3,31.46,27.095,253.211,2.68379,0.0125,0.2866,2786.8648,71.8,4.2,105.73999786376952,0,13.510000228881836
2024-12-01,270192,367140,73.86,2639314,161661,168547,317.603,4.48,0.7,31.66,27.18,253.423,2.4754,0.0124,0.28600000000000003,2792.0939,74,4.1,108.48999786376952,0,17.350000381469727
2025-01-01,273946,402746,79.27,2648899,163895,170744,319.086,4.33,-0.6,31.71,27.04,257.36,2.28753,0.0126,0.2816,2663.6795,71.7,4,108.37000274658205,0,16.43000030517578
2025-02-01,280908,401186,75.44,2653551,163307,170359,319.775,4.33,-0.1,31.851,27.13,259.498,2.25536,0.0125,0.2815,2672.5804,64.7,4.1,107.61000061035156,0,19.6299991607666
2025-03-01,283593,420013,72.73,2655706,163508,170591,319.615,4.33,0.8,31.762,27.37,258.525,2.77656,0.0134,0.2623,2681.2618,57,4.2,104.20999908447266,0,22.280000686645508
2025-04-01,291785,351977,68.13,2656059,163969,171135,320.321,4.33,0.1,31.823,27.225,258.392,3.40017,0.0143,0.2478,2670.1323,52.2,4.2,99.470001220703125,0,24.700000762939453
2025-05-01,280391,351506,64.45,2655931,163273,170510,320.58,4.33,-0.1,31.964,27.65,258.642,2.33565,0.0132,0.2682,2679.9706,52.2,4.2,99.33000183105467,0,18.56999969482422
2025-06-01,279650,338736,71.44,2660978,163366,170380,321.5,4.33,0.3,31.795,28.18,260.69,2.06892,0.0128,0.2783,2690.1417,60.7,4.1,96.87999725341795,0,16.729999542236328
