period,crude_oil_capacity
2025-06-01,31.795
2025-05-01,31.964
2025-04-01,31.823
2025-03-01,31.762
2025-02-01,31.851
2025-01-01,31.71
2024-12-01,31.66
2024-11-01,31.46
2024-10-01,31.344
2024-09-01,30.912
2024-08-01,31.294
2024-07-01,31.424
2024-06-01,31.343
2024-05-01,31.364
2024-04-01,31.284
2024-03-01,31.331
2024-02-01,31.185
2024-01-01,31.057
2023-12-01,31.138
2023-11-01,30.989
2023-10-01,30.844
2023-09-01,30.775
2023-08-01,30.617
2023-07-01,30.36
2023-06-01,30.337
2023-05-01,30.336
2023-04-01,30.045
2023-03-01,30.5576
2023-02-01,30.43
2023-01-01,30.325
2022-12-01,30.15
2022-11-01,30.05
2022-10-01,30.125
2022-09-01,29.97
2022-08-01,29.89
2022-07-01,29.36
2022-06-01,29.55
2022-05-01,29.62
2022-04-01,30
2022-03-01,30.13
2022-02-01,30.3
2022-01-01,30.07
2021-12-01,30.27
2021-11-01,30.26
2021-10-01,30.255
2021-09-01,30.24
2021-08-01,30.14
2021-07-01,30.38
2021-06-01,30.44
2021-05-01,30.395
2021-04-01,30.31
2021-03-01,30.32
2021-02-01,30.22
2021-01-01,29.73
2020-12-01,29.99
2020-11-01,29.96
2020-10-01,29.37
2020-09-01,29.1
2020-08-01,29.14
2020-07-01,29.215
2020-06-01,29.35
2020-05-01,29.587917
2020-04-01,29.7
2020-03-01,29.505
2020-02-01,29.47
2020-01-01,30.14
2019-12-01,30.025
2019-11-01,29.664586
2019-10-01,29.495
2019-09-01,27.915
2019-08-01,30.325
2019-07-01,30.325
2019-06-01,30.405
2019-05-01,30.385
2019-04-01,30.725
2019-03-01,30.665
2019-02-01,30.621
2019-01-01,30.556
2018-12-01,30.376
2018-11-01,30.666
2018-10-01,31.346
2018-09-01,31.356
2018-08-01,31.315
2018-07-01,31.102
2018-06-01,31.245
2018-05-01,31.548
2018-04-01,31.718
2018-03-01,31.769
2018-02-01,31.786
2018-01-01,31.886
2017-12-01,32.137
2017-11-01,32.311
2017-10-01,32.435
2017-09-01,32.475
2017-08-01,32.417
2017-07-01,32.535
2017-06-01,32.245
2017-05-01,32.089
2017-04-01,31.686
2017-03-01,31.7
2017-02-01,31.922
2017-01-01,31.89
2016-12-01,31.88
2016-11-01,31.891345
2016-10-01,31.639
2016-09-01,31.216
2016-08-01,31.059
2016-07-01,31.169
2016-06-01,31.25968
2016-05-01,31.030723
2016-04-01,31.351345
2016-03-01,31.099723
2016-02-01,31.031
2016-01-01,31.26
2015-12-01,30.933882
2015-11-01,30.99601
2015-10-01,30.871723
2015-09-01,30.967
2015-08-01,30.767723
2015-07-01,30.931
2015-06-01,30.693
2015-05-01,30.492
2015-04-01,30.482
2015-03-01,30.417765
2015-02-01,29.935
2015-01-01,30.087
2014-12-01,30.628882
2014-11-01,30.22702
2014-10-01,30.729
2014-09-01,30.64436
2014-08-01,30.338765
2014-07-01,30.091445
2014-06-01,30.090178
2014-05-01,29.991
2014-04-01,29.72868
2014-03-01,29.963042
2014-02-01,30.148513
2014-01-01,30.032723
2013-12-01,29.579723
2013-11-01,29.412345
2013-10-01,29.940723
2013-09-01,29.668345
2013-08-01,30.422
2013-07-01,30.537553
2013-06-01,30.541475
2013-05-01,30.941445
2013-04-01,31.111345
2013-03-01,30.924882
2013-02-01,30.860513
2013-01-01,30.927042
2012-12-01,31.062882
2012-11-01,31.2
2012-10-01,31.044042
2012-09-01,31.552
2012-08-01,31.431723
2012-07-01,31.450042
2012-06-01,31.509675
2012-05-01,31.651622
2012-04-01,31.800675
2012-03-01,31.656882
2012-02-01,31.374564
2012-01-01,31.333459
2011-12-01,31.474882
2011-11-01,31.442345
2011-10-01,31.087882
2011-09-01,31.113345
2011-08-01,30.896042
2011-07-01,31.012361
2011-06-01,30.974843
2011-05-01,31.078202
2011-04-01,30.88901
2011-03-01,30.993202
2011-02-01,32.19208
2011-01-01,32.666521
2010-12-01,32.367
2010-11-01,32.232
2010-10-01,32.301
2010-09-01,32.315
2010-08-01,32.235
2010-07-01,32.185
2010-06-01,32.429
2010-05-01,32.293
2010-04-01,32.258
2010-03-01,31.969
2010-02-01,32.116
2010-01-01,32.187
2009-12-01,32.003
2009-11-01,31.921
2009-10-01,31.885
2009-09-01,31.881
2009-08-01,31.366
2009-07-01,30.93
2009-06-01,30.706
2009-05-01,30.575
2009-04-01,30.55
2009-03-01,30.354
2009-02-01,30.46
2009-01-01,30.438484
2008-12-01,30.22
2008-11-01,30.222
2008-10-01,30.386
2008-09-01,30.415
2008-08-01,30.445
2008-07-01,30.469
2008-06-01,30.354
2008-05-01,30.322
2008-04-01,30.269
2008-03-01,30.467
2008-02-01,30.262
2008-01-01,30.134
2007-12-01,30.204
2007-11-01,29.625
2007-10-01,30.056
2007-09-01,30.068
2007-08-01,29.696305
2007-07-01,29.828305
2007-06-01,29.627305
2007-05-01,29.800305
2007-04-01,29.986
2007-03-01,29.812
2007-02-01,29.878
2007-01-01,29.605
2006-12-01,29.946
2006-11-01,29.951
2006-10-01,30.111
2006-09-01,30.079
2006-08-01,30.128
2006-07-01,30.026
2006-06-01,30.091
2006-05-01,29.748
2006-04-01,29.78
2006-03-01,29.777
2006-02-01,29.752
2006-01-01,29.7632
2005-12-01,29.968278
2005-11-01,30.069444
2005-10-01,30.155285
2005-09-01,30.362521
2005-08-01,30.117775
2005-07-01,30.293214
2005-06-01,30.187941
2005-05-01,30.066666
2005-04-01,30.007578
2005-03-01,30.050681
2005-02-01,29.916292
2005-01-01,29.823197
2004-12-01,29.192
2004-11-01,28.995
2004-10-01,29.527
2004-09-01,29.522
2004-08-01,29.026
2004-07-01,29.309
2004-06-01,28.933
2004-05-01,29.017
2004-04-01,29.421
2004-03-01,29.316
2004-02-01,29.123
2004-01-01,29.224
2003-12-01,28.935202
2003-11-01,28.745589
2003-10-01,28.685975
2003-09-01,28.287975
2003-08-01,27.847362
2003-07-01,27.339878
2003-06-01,27.177749
2003-05-01,26.939523
2003-04-01,26.383232
2003-03-01,27.399329
2003-02-01,28.209
2003-01-01,27.374
2002-12-01,29.326943
2002-11-01,31.278895
2002-10-01,31.278895
2002-09-01,31.278895
2002-08-01,31.278895
2002-07-01,31.278895
2002-06-01,31.278895
2002-05-01,31.278895
2002-04-01,31.278895
2002-03-01,31.278895
2002-02-01,31.278895
2002-01-01,31.278895
2001-12-01,31.415851
2001-11-01,31.415851
2001-10-01,31.415851
2001-09-01,31.415851
2001-08-01,31.415851
2001-07-01,31.415851
2001-06-01,31.415851
2001-05-01,31.415851
2001-04-01,31.415851
2001-03-01,31.415851
2001-02-01,31.415851
2001-01-01,31.415851
2000-12-01,31.236635
2000-11-01,31.236635
2000-10-01,31.236635
2000-09-01,31.236635
2000-08-01,31.236635
2000-07-01,31.236635
2000-06-01,31.236635
2000-05-01,31.236635
2000-04-01,31.236635
2000-03-01,31.236635
2000-02-01,31.236635
2000-01-01,31.236635
1999-12-01,31.458502
1999-11-01,31.458502
1999-10-01,31.458502
1999-09-01,31.458502
1999-08-01,31.458502
1999-07-01,31.458502
1999-06-01,31.458502
1999-05-01,31.458502
1999-04-01,31.458502
1999-03-01,31.458502
1999-02-01,31.458502
1999-01-01,31.458502
1998-12-01,30.927969
1998-11-01,30.927969
1998-10-01,30.927969
1998-09-01,30.927969
1998-08-01,30.927969
1998-07-01,30.927969
1998-06-01,30.927969
1998-05-01,30.927969
1998-04-01,30.927969
1998-03-01,30.927969
1998-02-01,30.927969
1998-01-01,30.927969
1997-12-01,29.597585
1997-11-01,29.597585
1997-10-01,29.597585
1997-09-01,29.597585
1997-08-01,29.597585
1997-07-01,29.597585
1997-06-01,29.597585
1997-05-01,29.597585
1997-04-01,29.597585
1997-03-01,29.597585
1997-02-01,29.597585
1997-01-01,29.597585
1996-12-01,28.083065
1996-11-01,28.083065
1996-10-01,28.083065
1996-09-01,28.083065
1996-08-01,28.083065
1996-07-01,28.083065
1996-06-01,28.083065
1996-05-01,28.083065
1996-04-01,28.083065
1996-03-01,28.083065
1996-02-01,28.083065
1996-01-01,28.083065
1995-12-01,27.797695
1995-11-01,27.797695
1995-10-01,27.797695
1995-09-01,27.797695
1995-08-01,27.797695
1995-07-01,27.797695
1995-06-01,27.797695
1995-05-01,27.797695
1995-04-01,27.797695
1995-03-01,27.797695
1995-02-01,27.797695
1995-01-01,27.797695
1994-12-01,27.959177
1994-11-01,27.959177
1994-10-01,27.959177
1994-09-01,27.959177
1994-08-01,27.959177
1994-07-01,27.908564
1994-06-01,27.959177
1994-05-01,27.959177
1994-04-01,27.959177
1994-03-01,27.959177
1994-02-01,27.959177
1994-01-01,27.959177
1993-12-01,26.924623
1993-11-01,26.924623
1993-10-01,26.924623
1993-09-01,26.924623
1993-08-01,26.924623
1993-07-01,27.024741
1993-06-01,26.924623
1993-05-01,26.924623
1993-04-01,26.924623
1993-03-01,26.924623
1993-02-01,26.924623
1993-01-01,26.924623
1992-12-01,25.013859
1992-11-01,25.013859
1992-10-01,25.013859
1992-09-01,25.013859
1992-08-01,25.013859
1992-07-01,24.75702
1992-06-01,25.013859
1992-05-01,25.013859
1992-04-01,25.013859
1992-03-01,25.013859
1992-02-01,25.013859
1992-01-01,25.013859
